ALCHEMY_SCORE,ALCHEMY_TEXT,DAY,HOUR,IMAGEBOX,MINUTE,MONTH,SECOND,VISUAL_IMAGE,YEAR,_ID,_REV
,NO_TAGS,02,20,58x64+286+78,03,04,34,20160402200334-01-00.jpg,2016,20160402200334-01-00,1-3ed2d83d8a10852df3c82c6d2ee0363b
,NO_TAGS,02,20,64x70+282+72,09,04,42,20160402200942-02-01.jpg,2016,20160402200942-02-01,1-6f4ec31d2b10028b8e0c09257f72dc46
,NO_TAGS,02,20,62x64+284+76,20,04,02,20160402202002-03-00.jpg,2016,20160402202002-03-00,1-8fadc32e7b49b6e22167659f8e41cc75
,NO_TAGS,02,20,64x74+282+70,20,04,56,20160402202056-04-01.jpg,2016,20160402202056-04-01,1-768d61502b5ea41f00baabe718db3830
,NO_TAGS,02,20,52x50+510+246,21,04,16,20160402202116-05-01.jpg,2016,20160402202116-05-01,1-46f77403a33355fdc4a5e4c8a718c69b
,NO_TAGS,02,20,58x70+284+74,43,04,31,20160402204331-06-00.jpg,2016,20160402204331-06-00,1-0c2b8332f09b6117d0180d6713848cd1
,NO_TAGS,02,20,60x68+282+74,45,04,21,20160402204521-07-01.jpg,2016,20160402204521-07-01,1-9ec30f153989b6a103153f8d7b80bfdf
,NO_TAGS,02,20,60x70+284+72,46,04,12,20160402204612-08-00.jpg,2016,20160402204612-08-00,1-5ac24c2995ea503a86dd1e453b7a76d8
,NO_TAGS,02,20,62x68+282+74,52,04,55,20160402205255-09-00.jpg,2016,20160402205255-09-00,1-2323b2e3826df89b2dfac369d97b6f52
0.989013,person,02,20,466x478+88+0,55,04,30,20160402205530-10-00.jpg,2016,20160402205530-10-00,1-8d7148b3929d72a0d4c7c77ef08fbb4d
,NO_TAGS,02,20,104x160+416+202,56,04,01,20160402205601-11-01.jpg,2016,20160402205601-11-01,1-de2d082317930d9a6a05507f8e2386fe
,NO_TAGS,02,21,38x60+386+214,02,04,11,20160402210211-12-00.jpg,2016,20160402210211-12-00,1-3e89f4ad08cca0d9df6df0442e6482d5
0.28905,person,02,21,586x278+56+160,03,04,13,20160402210313-13-00.jpg,2016,20160402210313-13-00,1-1fdce69c66d8f58b7b88c2f43eab5213
,NO_TAGS,02,21,76x44+232+176,08,04,09,20160402210809-14-00.jpg,2016,20160402210809-14-00,1-98abae7ec407a89d675b6126ed3c6f81
,NO_TAGS,02,21,52x38+234+178,08,04,36,20160402210836-15-00.jpg,2016,20160402210836-15-00,1-5fc644ed96ec183d47752bdeef7bf7a7
,NO_TAGS,02,21,146x396+100+82,10,04,03,20160402211003-16-00.jpg,2016,20160402211003-16-00,1-53a7123c3735005533191212b3526a17
,NO_TAGS,02,21,48x58+452+310,10,04,57,20160402211057-17-01.jpg,2016,20160402211057-17-01,1-1934ecf18ae32d87044466fe0ace4e77
0.450166,person,02,21,528x434+56+44,13,04,13,20160402211313-18-00.jpg,2016,20160402211313-18-00,1-43c6a3975963edc8a1051d2f010d7942
0.377541,person,02,21,34x44+412+234,18,04,31,20160402211831-19-00.jpg,2016,20160402211831-19-00,1-ef16102c32eaddd6712d941a643207d1
0.331812,person,02,21,58x48+102+204,19,04,08,20160402211908-20-01.jpg,2016,20160402211908-20-01,1-8bf30d883a9640f542d4b579ca05f3d2
,NO_TAGS,02,21,496x288+76+94,21,04,29,20160402212129-21-01.jpg,2016,20160402212129-21-01,1-bea02f3511580a80ff5e1c4a5e69d71d
0.964429,sky,02,21,44x50+538+142,23,04,58,20160402212358-22-00.jpg,2016,20160402212358-22-00,1-8b00f1bedf5f125ab7a33143da4227e1
0.973403,sky,02,21,48x54+538+140,55,04,24,20160402215524-23-00.jpg,2016,20160402215524-23-00,1-28eb49a81402df301aa907c9b572f52c
,NO_TAGS,02,22,626x478+13+0,05,04,23,20160402220523-24-01.jpg,2016,20160402220523-24-01,1-8dc67403233df339aea28f58f8167b76
,NO_TAGS,02,22,48x58+338+134,06,04,24,20160402220624-25-01.jpg,2016,20160402220624-25-01,1-2aaab4a09c71d1e41cab6a148ad51aff
,NO_TAGS,02,22,44x44+348+134,08,04,00,20160402220800-26-01.jpg,2016,20160402220800-26-01,1-1f798ec94abee0baf571508d3b6bd88b
,NO_TAGS,02,22,40x64+354+130,08,04,17,20160402220817-27-01.jpg,2016,20160402220817-27-01,1-c66ed9ada0c0477bcbcdc83867883ec9
,NO_TAGS,02,22,442x398+152+26,10,04,28,20160402221028-28-01.jpg,2016,20160402221028-28-01,1-d256f8a192400f3745791f6bbdfcb3da
0.5,night,02,22,18x104+236+162,20,04,01,20160402222001-29-00.jpg,2016,20160402222001-29-00,1-ca1f3e95cf73f2921643b2dddcfe4f01
0.28905,window,02,22,150x364+256+84,26,04,42,20160402222642-30-01.jpg,2016,20160402222642-30-01,1-51afd821ffe91d7e47eef0de3a7bc008
0.354344,night,02,22,64x144+310+278,27,04,32,20160402222732-31-00.jpg,2016,20160402222732-31-00,1-df9c9a0508d8fec36f15eb7ca9757238
,NO_TAGS,02,22,144x248+462+178,27,04,45,20160402222745-32-01.jpg,2016,20160402222745-32-01,1-90dbdc078b71158a3e7e2c91a99c2995
,NO_TAGS,02,22,224x464+246+14,28,04,54,20160402222854-33-01.jpg,2016,20160402222854-33-01,1-0bec1c7ed36e2b62fcb3d49fa8a5ab91
,NO_TAGS,02,22,56x44+342+184,30,04,29,20160402223029-34-01.jpg,2016,20160402223029-34-01,1-78a2d2f7d4c41375fb83b3510ed54895
,NO_TAGS,02,23,596x478+22+0,27,04,05,20160402232705-35-00.jpg,2016,20160402232705-35-00,1-f2e5b814e6ea0900b6ab419ae339843b
0.908877,person,02,23,128x382+312+96,28,04,05,20160402232805-36-00.jpg,2016,20160402232805-36-00,1-3a2407f432c97ee1637c4e6540174ba8
0.5,person,02,23,48x370+422+82,29,04,07,20160402232907-37-00.jpg,2016,20160402232907-37-00,1-ff7878d06130873e0cec89a7d10b3585
,NO_TAGS,02,23,60x44+342+184,30,04,01,20160402233001-38-01.jpg,2016,20160402233001-38-01,1-62c7d1db7826312456bdd937b9a7f4a6
,NO_TAGS,02,23,638x374+11+102,35,04,32,20160402233532-39-01.jpg,2016,20160402233532-39-01,1-eb552d9b161c8014e4a7aaa323b7c2b3
0.310026,person,02,23,68x44+368+192,36,04,50,20160402233650-40-00.jpg,2016,20160402233650-40-00,1-64791befb771d31e08796718d2ff7320
0.377541,person,02,23,46x74+398+186,37,04,33,20160402233733-41-01.jpg,2016,20160402233733-41-01,1-50584efb7323a2396980a2f0cb975f36
0.475021,person,02,23,48x70+394+190,38,04,13,20160402233813-42-01.jpg,2016,20160402233813-42-01,1-f470b35096cbb84b62de71e169dadab2
0.401312,person,02,23,42x48+384+190,38,04,42,20160402233842-43-01.jpg,2016,20160402233842-43-01,1-739be6615b57d475dd9ed11fdd135a2b
,NO_TAGS,02,23,136x134+246+258,50,04,06,20160402235006-44-00.jpg,2016,20160402235006-44-00,1-660bb85c75e4c65a15f14df9910c7d51
,NO_TAGS,03,06,24x68+224+194,53,04,24,20160403065324-45-00.jpg,2016,20160403065324-45-00,1-88a985af9ca995ab79c51e115bf484d2
,NO_TAGS,03,06,54x38+74+238,59,04,53,20160403065953-46-00.jpg,2016,20160403065953-46-00,1-ac3f598d5083751b65be080385a02b38
,NO_TAGS,03,07,130x168+120+90,02,04,44,20160403070244-47-01.jpg,2016,20160403070244-47-01,1-898d4cc71c266323aa4a97dbdc8735b3
,NO_TAGS,03,07,52x54+294+140,07,04,29,20160403070729-48-00.jpg,2016,20160403070729-48-00,1-56f045bda5e992b30b2d28f2118588c9
0.880797,person,03,07,334x240+128+82,35,04,52,20160403073552-49-00.jpg,2016,20160403073552-49-00,1-60c88c9850efed3efab2197da8a7fe11
0.268941,person,03,07,98x128+372+124,36,04,17,20160403073617-50-01.jpg,2016,20160403073617-50-01,1-f7d94d50537e39b9842bb0af60b73331
,NO_TAGS,03,07,574x478+-7+0,38,04,06,20160403073806-51-00.jpg,2016,20160403073806-51-00,1-007c25b8380740e2e166d0e0d37bace9
0.832018,person,03,07,36x94+402+176,38,04,56,20160403073856-52-00.jpg,2016,20160403073856-52-00,1-6bc9860871a9e8b9bc114935e0fbd379
0.982014,person,03,07,24x218+394+146,39,04,29,20160403073929-53-00.jpg,2016,20160403073929-53-00,1-dcf7bb9fe6004d831ff0c4e7d66a8e2a
0.985226,person,03,07,22x68+226+354,40,04,01,20160403074001-54-00.jpg,2016,20160403074001-54-00,1-e4db26eb722ac17aab0bbde6f80fc38e
,NO_TAGS,03,07,372x318+154+54,40,04,46,20160403074046-55-00.jpg,2016,20160403074046-55-00,1-7c38e0ebd5e7dc7f282de396f66143e7
,NO_TAGS,03,07,52x40+194+270,41,04,35,20160403074135-56-00.jpg,2016,20160403074135-56-00,1-ace413032c486d4e56d330891e325e5f
,NO_TAGS,03,07,38x38+178+278,41,04,56,20160403074156-57-00.jpg,2016,20160403074156-57-00,1-79097f70fa754e6663e59e613e64170e
,NO_TAGS,03,07,44x48+144+288,43,04,04,20160403074304-58-01.jpg,2016,20160403074304-58-01,1-1eb179b0aefd3dcf3b6d8d2372cad965
,NO_TAGS,03,07,50x74+396+326,44,04,39,20160403074439-59-01.jpg,2016,20160403074439-59-01,1-ed7755879eb29b17c154563f2eb80b2b
,NO_TAGS,03,07,58x54+144+266,45,04,19,20160403074519-60-01.jpg,2016,20160403074519-60-01,1-5efa8d7a7af31b8e20a883888cb368b1
,NO_TAGS,03,07,94x324+152+154,46,04,23,20160403074623-61-00.jpg,2016,20160403074623-61-00,1-7b9e92ca242d4d383bf27f9545c088b5
,NO_TAGS,03,07,56x60+394+282,46,04,49,20160403074649-62-00.jpg,2016,20160403074649-62-00,1-8e7df2c71d286965bf9b1e70f8bbf55d
,NO_TAGS,03,07,54x84+232+164,52,04,47,20160403075247-63-01.jpg,2016,20160403075247-63-01,1-9afceb1b5522d93d6d7cf3809e15e192
,NO_TAGS,03,08,32x60+186+352,02,04,33,20160403080233-64-00.jpg,2016,20160403080233-64-00,1-12eb6ce599fda5d843438183ff18ad5d
0.98016,person,03,08,298x164+150+106,03,04,03,20160403080303-65-00.jpg,2016,20160403080303-65-00,1-42989a0d940db298bb6d4d2ffe01abff
0.989013,person,03,08,188x404+280+46,05,04,43,20160403080543-66-00.jpg,2016,20160403080543-66-00,1-d9a026f32a75128e7fc62a0ef5a339bc
,NO_TAGS,03,08,26x64+414+414,14,04,50,20160403081450-67-00.jpg,2016,20160403081450-67-00,1-bf103c1697538a49ca2b44cca40bc1cb
,NO_TAGS,03,08,52x54+190+350,30,04,22,20160403083022-68-01.jpg,2016,20160403083022-68-01,1-bd67fce3a179eebe876af5990d67a106
0.28905,person,03,08,574x478+44+0,44,04,28,20160403084428-69-00.jpg,2016,20160403084428-69-00,1-38ed374235ac9c380d9e9e88630f5807
0.574443,person,03,08,582x478+88+0,45,04,17,20160403084517-70-00.jpg,2016,20160403084517-70-00,1-d21fb1436f63f5d8c7ee7514d5df98ee
,NO_TAGS,03,08,40x44+394+286,46,04,46,20160403084646-71-01.jpg,2016,20160403084646-71-01,1-fd33627392f81044cb669318a2f8a513
,NO_TAGS,03,08,56x34+190+260,48,04,28,20160403084828-72-01.jpg,2016,20160403084828-72-01,1-d83933cc077c4328ee1534c61ccea99c
0.598688,person,03,08,56x244+378+124,49,04,03,20160403084903-73-01.jpg,2016,20160403084903-73-01,1-5bd4f2d1b23a6971826b4b60b147b8ab
0.549834,person,03,08,36x70+210+266,50,04,10,20160403085010-74-00.jpg,2016,20160403085010-74-00,1-6c399ae8897dcee5b5cf086951d4619e
0.785835,person,03,08,332x394+164+26,50,04,57,20160403085057-75-01.jpg,2016,20160403085057-75-01,1-361b8acbe74376fe2be6d55dcac9db39
0.354344,person,03,08,24x114+218+108,52,04,12,20160403085212-76-00.jpg,2016,20160403085212-76-00,1-f9da452d2d9e75de1833a77a35f28321
0.549834,person,03,08,18x104+224+86,53,04,53,20160403085353-77-00.jpg,2016,20160403085353-77-00,1-615e844b73c02f3c61991301b5c32868
0.549834,person,03,08,28x104+220+160,55,04,10,20160403085510-78-00.jpg,2016,20160403085510-78-00,1-0fd94f71c65da7a0aff50c38c5ee7178
0.28905,person,03,08,26x100+224+164,55,04,53,20160403085553-79-00.jpg,2016,20160403085553-79-00,1-afdf7558b6b3bbcce146441bfaf63dd2
0.310026,person,03,08,52x38+398+294,56,04,04,20160403085604-80-00.jpg,2016,20160403085604-80-00,1-090b5445d888cc77d39a28581de51158
0.524979,person,03,08,28x90+118+334,56,04,21,20160403085621-81-00.jpg,2016,20160403085621-81-00,1-515dc5a189925240ed87e58123a25bbc
0.354344,person,03,08,46x68+440+180,56,04,32,20160403085632-82-00.jpg,2016,20160403085632-82-00,1-2098440576ab25dd489fb527f6527818
0.475021,person,03,08,34x88+148+314,58,04,23,20160403085823-83-00.jpg,2016,20160403085823-83-00,1-78fcb2ae978683eb4a1a4060fa2c3194
,NO_TAGS,03,08,34x64+140+304,59,04,43,20160403085943-84-01.jpg,2016,20160403085943-84-01,1-ff6adbd29172f03540d7ad660189986e
0.524979,person,03,09,302x464+10+0,01,04,19,20160403090119-85-00.jpg,2016,20160403090119-85-00,1-8ba05608fbd6b9bbb78feb2945b4a6fa
,NO_TAGS,03,09,492x110+46+278,02,04,51,20160403090251-86-01.jpg,2016,20160403090251-86-01,1-08dbfe9a1b90bacf9d52c3ab002deb0a
0.785835,person,03,09,536x430+50+6,03,04,22,20160403090322-87-01.jpg,2016,20160403090322-87-01,1-37216e6ad383717214bbfe617fe77b31
0.845535,person,03,09,638x448+-13+10,04,04,56,20160403090456-88-01.jpg,2016,20160403090456-88-01,1-fab8429b44c32950837bb9afe4f2b1af
0.75026,person,03,09,52x140+220+90,05,04,34,20160403090534-89-00.jpg,2016,20160403090534-89-00,1-1888c37c65b3e0731e347a9a1cf44d0a
0.524979,person,03,09,52x44+124+316,06,04,04,20160403090604-90-00.jpg,2016,20160403090604-90-00,1-06bca2a8c43d3c250b3a661863b2bec0
0.450166,person,03,09,44x80+134+302,08,04,30,20160403090830-91-01.jpg,2016,20160403090830-91-01,1-5550858190073ced44138e9a8b21bb28
0.731059,person,03,09,624x478+10+0,10,04,04,20160403091004-92-00.jpg,2016,20160403091004-92-00,1-6361585612a42fcce796e58fc752054b
0.598688,person,03,09,24x98+226+156,11,04,54,20160403091154-93-01.jpg,2016,20160403091154-93-01,1-43949027679007d8ae9ab7da8b2fc23e
0.401312,person,03,09,18x120+224+114,13,04,10,20160403091310-94-00.jpg,2016,20160403091310-94-00,1-8104472970f38088e3c717c5150d6cdd
0.930862,person,03,09,550x478+46+0,15,04,10,20160403091510-95-01.jpg,2016,20160403091510-95-01,1-d277d96a27c701545ffbcaa4b920e904
0.998167,person,03,09,470x466+92+0,16,04,44,20160403091644-96-00.jpg,2016,20160403091644-96-00,1-9df9e46b816b089720defa52d60fa63b
0.377541,person,03,09,36x80+150+340,17,04,43,20160403091743-97-01.jpg,2016,20160403091743-97-01,1-d959c287f0efa46f1ff2f579054f0d04
0.354344,person,03,09,74x58+156+360,18,04,17,20160403091817-98-00.jpg,2016,20160403091817-98-00,1-30539132b920a714b69e805ad2d9f6f7
,NO_TAGS,03,09,26x94+224+140,18,04,45,20160403091845-99-01.jpg,2016,20160403091845-99-01,1-56c9fbea135b32058175d0de666f204e
0.401312,person,03,09,26x104+224+136,19,04,41,20160403091941-100-00.jpg,2016,20160403091941-100-00,1-ce9787cb4e430e3ad96e678406e78d90
0.331812,person,03,09,408x214+124+160,21,04,22,20160403092122-101-01.jpg,2016,20160403092122-101-01,1-c830ab9cf42e1bf57a411e8d5bba69b0
0.377541,person,03,09,34x48+396+306,21,04,59,20160403092159-102-00.jpg,2016,20160403092159-102-00,1-3742ddeac72f97cb650c8a8c83644920
0.401312,person,03,09,34x78+404+186,23,04,23,20160403092323-103-00.jpg,2016,20160403092323-103-00,1-0a1d2e9abbd2c95e95ad3de01ef5532b
0.377541,person,03,09,54x50+400+306,24,04,11,20160403092411-104-01.jpg,2016,20160403092411-104-01,1-04858df4399810bc3e7848f36f5ebb16
0.331812,person,03,09,52x34+396+306,24,04,57,20160403092457-105-00.jpg,2016,20160403092457-105-00,1-36f44299960cab880cb7de0800f6a61e
,NO_TAGS,03,09,378x284+134+98,31,04,35,20160403093135-106-01.jpg,2016,20160403093135-106-01,1-b976df281ddcfc6c508a643310706a31
,NO_TAGS,03,09,66x68+112+328,31,04,57,20160403093157-107-01.jpg,2016,20160403093157-107-01,1-278e355fba08479cb0ed2a1320621e39
,NO_TAGS,03,09,46x100+142+306,32,04,24,20160403093224-108-00.jpg,2016,20160403093224-108-00,1-766e47cefd5ab8b835c66b33a74d14ae
,NO_TAGS,03,09,22x84+428+174,32,04,52,20160403093252-109-01.jpg,2016,20160403093252-109-01,1-6dfb0bb62e6b8bb79ebb2dfe85cadf21
0.574443,person,03,09,60x478+350+0,33,04,41,20160403093341-110-01.jpg,2016,20160403093341-110-01,1-3ceaa02e797b60dba75bfd4d171ebfe7
0.524979,person,03,09,638x478+-9+0,34,04,23,20160403093423-111-00.jpg,2016,20160403093423-111-00,1-f075aa2832ffbbd020f04499822c67c1
0.310026,person,03,09,634x446+15+0,36,04,15,20160403093615-112-00.jpg,2016,20160403093615-112-00,1-db39ff7f74f0770ef47eb1a7dca0a2be
,NO_TAGS,03,09,48x64+202+212,37,04,09,20160403093709-113-01.jpg,2016,20160403093709-113-01,1-f3c7a2fae0028166790dda1ebe826569
0.998887,person,03,09,472x468+100+0,49,04,25,20160403094925-114-01.jpg,2016,20160403094925-114-01,1-553c438215f178a402d2084e9264f4eb
0.475021,person,03,09,30x194+404+162,50,04,47,20160403095047-115-00.jpg,2016,20160403095047-115-00,1-01b4b6c834f8bb9ba6b9528f78e327a8
0.5,person,03,09,142x68+398+400,54,04,46,20160403095446-116-01.jpg,2016,20160403095446-116-01,1-70271af40abbc4d7a28411a3d0f9796c
0.549834,person,03,09,208x334+218+144,55,04,43,20160403095543-117-01.jpg,2016,20160403095543-117-01,1-6431bcf5e54665b3980a080de558f637
0.5,person,03,09,64x160+394+218,57,04,11,20160403095711-118-00.jpg,2016,20160403095711-118-00,1-0f12b408d2f40aab918a89c7b0079564
0.645656,person,03,10,392x168+134+176,06,04,42,20160403100642-119-01.jpg,2016,20160403100642-119-01,1-a378d0cc26eb36741bb0a547305cbd79
0.310026,person,03,10,202x110+358+156,07,04,15,20160403100715-120-00.jpg,2016,20160403100715-120-00,1-2818af40cfc52d0878b44ad97f0505ac
0.710949,person,03,10,68x88+362+172,07,04,44,20160403100744-121-01.jpg,2016,20160403100744-121-01,1-920b03ca61325cde55372351c02c7a55
0.731059,person,03,10,62x88+366+176,08,04,06,20160403100806-122-01.jpg,2016,20160403100806-122-01,1-9bac5edd66dfa628dfd713618e037fad
,NO_TAGS,03,10,50x54+200+214,13,04,47,20160403101347-125-00.jpg,2016,20160403101347-125-00,1-1a6e0d9cdec5e2de4f57509f5250ad9b
0.450166,person,03,10,128x158+126+104,17,04,59,20160403101759-126-01.jpg,2016,20160403101759-126-01,1-7b222e53b16e092b8165d72ab5ff3adf
0.331812,person,03,10,44x64+270+126,22,04,08,20160403102208-127-00.jpg,2016,20160403102208-127-00,1-6779509d777bf618c1b40db4bc688944
0.990987,person,03,10,248x476+202+0,26,04,36,20160403102636-128-01.jpg,2016,20160403102636-128-01,1-1dc1ab616f3f9c177950622f8329f36b
,NO_TAGS,03,10,52x38+200+236,27,04,46,20160403102746-129-01.jpg,2016,20160403102746-129-01,1-1330d8b24eb2b23e642b909edf1a31d8
0.999325,person,03,10,460x456+96+0,33,04,42,20160403103342-130-00.jpg,2016,20160403103342-130-00,1-6a277bb3dca196aacf9834642ca27308
,NO_TAGS,03,10,56x100+226+148,34,04,31,20160403103431-131-00.jpg,2016,20160403103431-131-00,1-1bdbdd442dd84a41237cabfde5c52eb9
0.731059,person,03,10,54x422+390+0,35,04,22,20160403103522-132-01.jpg,2016,20160403103522-132-01,1-567c1328181b2982834b98c3dc65ee6b
0.802184,person,03,10,490x84+82+172,37,04,11,20160403103711-133-00.jpg,2016,20160403103711-133-00,1-3129ebef61b3618443d3fa4ffa4ad0fc
0.802184,person,03,10,90x294+400+22,38,04,25,20160403103825-134-00.jpg,2016,20160403103825-134-00,1-fa2cc0f2e627670326f93fa18415f642
0.970688,person,03,10,38x60+222+180,38,04,48,20160403103848-135-00.jpg,2016,20160403103848-135-00,1-16c202171694d084e677b61f62d8361f
0.890903,person,03,10,40x430+402+0,39,04,29,20160403103929-136-00.jpg,2016,20160403103929-136-00,1-5493d25f113be9f7103be68cbabee6f5
0.960834,person,03,10,340x218+136+126,39,04,48,20160403103948-137-01.jpg,2016,20160403103948-137-01,1-c1ac7322e55b395c618bfd523aedc777
0.995504,person,03,10,638x414+9+28,41,04,08,20160403104108-138-01.jpg,2016,20160403104108-138-01,1-2640a985914058723b06f3014c8b18a8
0.960834,person,03,10,34x58+406+206,41,04,41,20160403104141-139-01.jpg,2016,20160403104141-139-01,1-dd943e9c7de218a93a41fcc91157c4c4
0.956893,person,03,10,64x88+216+166,42,04,18,20160403104218-140-00.jpg,2016,20160403104218-140-00,1-aecd199fe346406c950e355e81b11ad2
0.858149,person,03,10,36x54+452+100,42,04,57,20160403104257-141-00.jpg,2016,20160403104257-141-00,1-4cad64269ebbaf40565846fd390f38dc
0.997527,person,03,10,146x254+250+182,43,04,27,20160403104327-142-01.jpg,2016,20160403104327-142-01,1-710cbb5048f359f1daa4fee7ca097abe
0.986613,person,03,10,68x54+216+180,44,04,21,20160403104421-143-00.jpg,2016,20160403104421-143-00,1-294372a754c7d7e1fac31384a071e35a
0.975873,person,03,10,32x64+162+174,44,04,38,20160403104438-144-01.jpg,2016,20160403104438-144-01,1-f6a01cfca707ed94d4f0d62658ee4f5a
0.832018,person,03,10,346x180+86+78,44,04,54,20160403104454-145-00.jpg,2016,20160403104454-145-00,1-f9087d700241a9603ac05ab53f1d0a3c
0.869892,person,03,10,108x118+408+220,45,04,10,20160403104510-146-00.jpg,2016,20160403104510-146-00,1-c2cc7efbe5d476005e4f1da3f4276a1d
0.858149,person,03,10,530x478+56+0,45,04,29,20160403104529-147-00.jpg,2016,20160403104529-147-00,1-550cc129d0b59174abfbfae3036c20a7
0.997975,person,03,10,334x422+150+0,46,04,58,20160403104658-148-01.jpg,2016,20160403104658-148-01,1-62c7a4653805e3e3166fc6206b6894ea
0.916827,person,03,10,638x478+25+0,47,04,50,20160403104750-149-00.jpg,2016,20160403104750-149-00,1-6953de5c129f16a9f83c966a31929adc
0.890903,person,03,10,282x478+168+0,49,04,09,20160403104909-150-01.jpg,2016,20160403104909-150-01,1-e582d9867e00cd530b05dda9e7a75e97
0.995033,person,03,10,82x58+158+418,50,04,33,20160403105033-151-01.jpg,2016,20160403105033-151-01,1-f94a104a2947594f4859a19f32de31e8
0.908877,person,03,10,296x330+136+22,51,04,51,20160403105151-152-00.jpg,2016,20160403105151-152-00,1-0b7896e74e438a3605569e2f4e2651e0
0.999629,person,03,11,158x398+242+56,50,04,58,20160403115058-153-00.jpg,2016,20160403115058-153-00,1-f341087e7be990fe96733f42c1f33659
,NO_TAGS,03,11,18x118+396+262,52,04,07,20160403115207-154-00.jpg,2016,20160403115207-154-00,1-855ca9d0f36f8e57718ef5b262dad633
0.817574,person,03,11,50x416+384+0,53,04,36,20160403115336-155-01.jpg,2016,20160403115336-155-01,1-6b6d2294bc151ec0f6b91f5ab03c8855
0.377541,person,03,11,26x442+406+0,54,04,40,20160403115440-156-00.jpg,2016,20160403115440-156-00,1-a133913453dc2d6a54e58548516b4248
0.710949,person,03,11,132x478+246+0,55,04,50,20160403115550-157-01.jpg,2016,20160403115550-157-01,1-d989ddf3b4bad59a592819fee644d424
,NO_TAGS,03,11,62x54+256+424,56,04,58,20160403115658-158-01.jpg,2016,20160403115658-158-01,1-7c5c1aa8f5f5acd4d9a76033d6bf8f18
0.331812,person,03,11,40x90+270+108,58,04,01,20160403115801-159-01.jpg,2016,20160403115801-159-01,1-c7f79f07f5c98014e9ea3bb8bc0046e7
,NO_TAGS,03,11,170x280+202+126,58,04,39,20160403115839-160-01.jpg,2016,20160403115839-160-01,1-9a4c3cc8f93147b5bc795241b6304595
,NO_TAGS,03,12,36x140+132+256,11,04,40,20160403121140-161-01.jpg,2016,20160403121140-161-01,1-383d272cd526d4c51b66bcb00567f0d7
,NO_TAGS,03,12,52x154+106+312,11,04,56,20160403121156-162-00.jpg,2016,20160403121156-162-00,1-3ffe8e03e77a379e509a6dd27f10f480
,NO_TAGS,03,12,24x78+194+84,17,04,50,20160403121750-163-01.jpg,2016,20160403121750-163-01,1-bba225106cda5b9f8dbcbd2af2dc1c3e
,NO_TAGS,03,12,22x90+144+256,20,04,46,20160403122046-164-01.jpg,2016,20160403122046-164-01,1-6bb905fa0d3b472d74da7fe69941c8f3
,NO_TAGS,03,12,52x98+114+314,21,04,16,20160403122116-165-00.jpg,2016,20160403122116-165-00,1-4ce25ef13eafd5b3f5cdec1127814f47
,NO_TAGS,03,12,638x478+19+0,23,04,20,20160403122320-166-01.jpg,2016,20160403122320-166-01,1-9c154f8cf00e5b385579d62a94aee164
0.401312,person,03,12,76x234+372+136,23,04,46,20160403122346-167-01.jpg,2016,20160403122346-167-01,1-7ced23adaf42f501a13804514047ba3b
0.890903,person,03,12,60x58+324+84,24,04,54,20160403122454-168-00.jpg,2016,20160403122454-168-00,1-69a514af9d10cd05d0b2a80da2d31309
0.916827,person,03,12,34x70+374+166,26,04,21,20160403122621-170-01.jpg,2016,20160403122621-170-01,1-6a43f8828b738289bcfa35775952d54a
,NO_TAGS,03,12,54x40+340+90,27,04,08,20160403122708-171-00.jpg,2016,20160403122708-171-00,1-06437cd61ddc393d89fe3d1c04f0a424
,NO_TAGS,03,12,50x44+344+86,27,04,33,20160403122733-172-01.jpg,2016,20160403122733-172-01,1-a2bd793be40c0ca0c7d5e60ed31eed2c
0.524979,person,03,12,440x164+102+134,28,04,28,20160403122828-173-00.jpg,2016,20160403122828-173-00,1-8d43b9a266e4b11cd8a886e68609c282
0.817574,person,03,12,638x478+4+0,30,04,31,20160403123031-174-01.jpg,2016,20160403123031-174-01,1-204913d15040ade30f871546265010f9
0.354344,person,03,12,28x94+234+150,31,04,17,20160403123117-175-00.jpg,2016,20160403123117-175-00,1-c535d7e5deb421e18daef3f8aec2ef67
0.331812,person,03,12,38x78+246+124,34,04,00,20160403123400-176-01.jpg,2016,20160403123400-176-01,1-ef881fa70b56e11233c4b3d1400dce33
0.645656,person,03,12,30x104+226+120,38,04,33,20160403123833-177-01.jpg,2016,20160403123833-177-01,1-a7b08f61f4d52830029eadf25ba0a218
0.916827,person,03,12,32x64+268+128,38,04,48,20160403123848-178-00.jpg,2016,20160403123848-178-00,1-d7dcdb3138960c257351fc2dd319a2a4
,NO_TAGS,03,12,44x74+230+164,39,04,34,20160403123934-179-01.jpg,2016,20160403123934-179-01,1-6ea4050b2da27ff0610250ca2551aa30
0.310026,person,03,12,96x48+214+182,40,04,49,20160403124049-180-01.jpg,2016,20160403124049-180-01,1-840cc4207d14a4d83925e1080203df15
0.377541,person,03,12,38x88+224+168,41,04,27,20160403124127-181-00.jpg,2016,20160403124127-181-00,1-7ff7c180e549ece92ecf91f08f7e4a11
0.930862,person,03,12,52x78+316+114,42,04,20,20160403124220-182-00.jpg,2016,20160403124220-182-00,1-1bf9379d7009e7a09669e3b3dc89358b
0.858149,person,03,12,36x104+286+94,43,04,09,20160403124309-183-00.jpg,2016,20160403124309-183-00,1-67bad1835c0a0958edf0f584799eadaa
,NO_TAGS,03,12,28x138+222+108,43,04,47,20160403124347-184-01.jpg,2016,20160403124347-184-01,1-3365c8a39c06293db724fa5b502e6e31
,NO_TAGS,03,12,18x90+156+116,44,04,45,20160403124445-185-00.jpg,2016,20160403124445-185-00,1-4edb294696afbcd4de54fb41a99bde96
0.331812,person,03,12,26x144+224+108,45,04,27,20160403124527-186-00.jpg,2016,20160403124527-186-00,1-45f7a361e11fe9f228547719f81c9db3
0.5,person,03,12,28x84+228+172,47,04,01,20160403124701-187-00.jpg,2016,20160403124701-187-00,1-79d2e28f395acf5c765e80322f1be8c7
0.991837,person,03,12,244x456+216+0,48,04,16,20160403124816-188-01.jpg,2016,20160403124816-188-01,1-65e9b367572598dd156ed140e524306d
,NO_TAGS,03,12,28x78+144+256,49,04,09,20160403124909-189-01.jpg,2016,20160403124909-189-01,1-efb8601b94d871dd213f1db31f35d59a
,NO_TAGS,03,12,18x84+132+356,50,04,57,20160403125057-190-01.jpg,2016,20160403125057-190-01,1-786ae518569e2ae81e4828ed21e15b85
0.999176,person,03,12,300x478+160+0,53,04,26,20160403125326-191-01.jpg,2016,20160403125326-191-01,1-1656f950281e33fe11867182725dc924
0.354344,person,03,12,526x478+68+0,55,04,13,20160403125513-192-01.jpg,2016,20160403125513-192-01,1-00de921778a3413b8d053ec123b8eb54
0.622459,person,03,12,58x38+428+90,55,04,42,20160403125542-193-01.jpg,2016,20160403125542-193-01,1-fa00ce61707fff9c9bfae6691c1d5c40
,NO_TAGS,03,12,70x50+244+150,59,04,48,20160403125948-194-00.jpg,2016,20160403125948-194-00,1-5c742241f45ce1df1d55d19f111cd6b8
,NO_TAGS,03,13,520x110+18+262,03,04,38,20160403130338-195-00.jpg,2016,20160403130338-195-00,1-365494305a34bdcfcfb441a2b21024c2
,NO_TAGS,03,13,22x114+196+68,04,04,22,20160403130422-196-00.jpg,2016,20160403130422-196-00,1-1948857b95bf23617773adff5e3d73ff
,NO_TAGS,03,13,26x98+222+174,05,04,01,20160403130501-197-00.jpg,2016,20160403130501-197-00,1-569d12c34d8ff66532144fba6b005719
,NO_TAGS,03,13,18x90+230+168,05,04,21,20160403130521-198-00.jpg,2016,20160403130521-198-00,1-3238d2d77f7ed69bb5a0024062677e9b
0.5,person,03,13,278x158+160+100,06,04,21,20160403130621-199-00.jpg,2016,20160403130621-199-00,1-7de713b27231ad2aa689dfe3e02a986c
,NO_TAGS,03,13,24x178+220+88,07,04,06,20160403130706-200-01.jpg,2016,20160403130706-200-01,1-492271c2c8c5358498712ac0d974b0c3
,NO_TAGS,03,13,214x164+228+80,07,04,59,20160403130759-201-01.jpg,2016,20160403130759-201-01,1-8c47931c8b68614aaf76ee5a8d9f8aee
0.425557,person,03,13,46x80+214+120,13,04,59,20160403131359-202-01.jpg,2016,20160403131359-202-01,1-2969c529af90f45dd4f651f62ebab2af
0.668188,person,03,13,58x124+292+92,17,04,46,20160403131746-203-01.jpg,2016,20160403131746-203-01,1-94cb5f73265f85ccdee38a8a1514b736
0.524979,person,03,13,44x94+282+106,22,04,00,20160403132200-204-01.jpg,2016,20160403132200-204-01,1-67732eea0feec74345ad86c35660d465
,NO_TAGS,03,13,32x80+260+284,23,04,31,20160403132331-205-01.jpg,2016,20160403132331-205-01,1-91036f37bec15f021c324a516da81ed7
0.645656,person,03,13,52x124+286+88,24,04,00,20160403132400-206-00.jpg,2016,20160403132400-206-00,1-3459774e2fb9f46637319ce92060fc9b
0.598688,person,03,13,56x68+276+142,31,04,31,20160403133131-207-00.jpg,2016,20160403133131-207-00,1-35998dfc2aab94c5f334d043c830ecde
0.28905,person,03,13,36x64+326+144,32,04,40,20160403133240-208-01.jpg,2016,20160403133240-208-01,1-b1e9c5cce1570d8165ef40f5f08bd39e
,NO_TAGS,03,13,88x54+254+158,33,04,14,20160403133314-209-01.jpg,2016,20160403133314-209-01,1-015d713644d0e3e48cba81976a7b38d1
0.401312,person,03,13,62x108+380+156,34,04,25,20160403133425-210-01.jpg,2016,20160403133425-210-01,1-0a48f17da37c0d09adbf8c376c7a608d
,NO_TAGS,03,13,48x84+390+180,45,04,09,20160403134509-211-00.jpg,2016,20160403134509-211-00,1-f42b3eed47da37f03665630bd3eaf771
0.377541,person,03,13,400x220+128+156,48,04,17,20160403134817-212-00.jpg,2016,20160403134817-212-00,1-1510d376582b09134dde636cb6e42a61
,NO_TAGS,03,13,620x468+19+0,49,04,20,20160403134920-213-01.jpg,2016,20160403134920-213-01,1-34196571a2b2233e6b9b715c8a5da1ae
,NO_TAGS,03,13,64x60+410+188,55,04,39,20160403135539-214-01.jpg,2016,20160403135539-214-01,1-ccaf174716e8e11c5947f9475724e54f
0.997268,person,03,13,256x424+214+30,56,04,42,20160403135642-215-01.jpg,2016,20160403135642-215-01,1-7994b43cc212ec34ada418196fbe1d0d
,NO_TAGS,03,13,586x478+54+0,57,04,33,20160403135733-216-00.jpg,2016,20160403135733-216-00,1-e56bb64ca0d3a58c55e5b4d686f1e129
0.999447,person,03,13,238x404+184+70,58,04,17,20160403135817-217-01.jpg,2016,20160403135817-217-01,1-e7375d151f24f1dbfbc38698ba334234
0.450166,person,03,13,34x114+402+190,59,04,00,20160403135900-218-01.jpg,2016,20160403135900-218-01,1-95f9b406d40c10e5cb57061ad156e08c
,NO_TAGS,03,13,264x388+218+90,59,04,21,20160403135921-219-00.jpg,2016,20160403135921-219-00,1-1ad4d926ca29981b2ea2cece04f3a8a7
0.354344,person,03,13,36x60+354+152,59,04,49,20160403135949-220-01.jpg,2016,20160403135949-220-01,1-e59cf738eeb838671278204a31f9f1ba
0.354344,person,03,14,54x44+348+178,01,04,23,20160403140123-221-01.jpg,2016,20160403140123-221-01,1-b357241c1ce7de0d871caf4cdc584d00
,NO_TAGS,03,14,42x130+388+152,01,04,49,20160403140149-222-01.jpg,2016,20160403140149-222-01,1-733564b58f51fc5d2e61004466234105
0.331812,person,03,14,176x426+242+52,02,04,42,20160403140242-223-00.jpg,2016,20160403140242-223-00,1-8f25161abe4360ae3b13d9ff1ba359b2
,NO_TAGS,03,14,58x54+338+140,03,04,20,20160403140320-224-01.jpg,2016,20160403140320-224-01,1-51bf11a8144638f19eed45f261e6c72f
0.268941,person,03,14,402x204+80+96,04,04,35,20160403140435-225-00.jpg,2016,20160403140435-225-00,1-0dfb3864eb045e9ad19563bfabd7c541
0.268941,person,03,14,64x48+296+144,05,04,51,20160403140551-226-00.jpg,2016,20160403140551-226-00,1-a08a4cdf332106843cdd6da1907f4dee
,NO_TAGS,03,14,26x120+330+66,07,04,46,20160403140746-227-00.jpg,2016,20160403140746-227-00,1-8e8c985bbbff75d1be559ea38597779d
,NO_TAGS,03,14,40x90+352+130,08,04,42,20160403140842-228-01.jpg,2016,20160403140842-228-01,1-c24ef212116035400bd000b93c42eb14
,NO_TAGS,03,14,48x270+200+36,12,04,59,20160403141259-229-01.jpg,2016,20160403141259-229-01,1-60883ecb56d6d7c21f0b1e8d45287036
,NO_TAGS,03,14,68x90+302+130,14,04,29,20160403141429-230-01.jpg,2016,20160403141429-230-01,1-8a27c48e8a8f96eb2f43c3f98ceaa1e7
,NO_TAGS,03,14,24x114+340+98,14,04,50,20160403141450-231-01.jpg,2016,20160403141450-231-01,1-34e38bb547acd65181a5f90bb6b59990
0.996982,person,03,14,206x262+206+216,15,04,18,20160403141518-232-00.jpg,2016,20160403141518-232-00,1-5f025e187a06912e82b8a2ffc81a2ee7
0.98016,person,03,14,364x478+122+0,15,04,39,20160403141539-233-00.jpg,2016,20160403141539-233-00,1-78e1f35748a36dc221befa725fdae977
,NO_TAGS,03,14,48x38+288+140,23,04,36,20160403142336-234-00.jpg,2016,20160403142336-234-00,1-19ecbdd9ca185c05c006748eb62e8076
,NO_TAGS,03,14,574x384+103+74,24,04,21,20160403142421-235-00.jpg,2016,20160403142421-235-00,1-d94c5eaaafc82acd0925559796dd146a
0.268941,person,03,14,50x140+336+68,24,04,43,20160403142443-236-01.jpg,2016,20160403142443-236-01,1-e9cce115cb052915a83c23f42231f1e7
,NO_TAGS,03,14,528x478+138+0,25,04,05,20160403142505-237-01.jpg,2016,20160403142505-237-01,1-6ddcbaff3c3eb89042249011a5ef02d6
0.999176,person,03,14,422x418+160+0,26,04,12,20160403142612-238-01.jpg,2016,20160403142612-238-01,1-f700bc2056eabe06afd636e99434cfc7
,NO_TAGS,03,14,38x74+274+110,27,04,47,20160403142747-239-01.jpg,2016,20160403142747-239-01,1-cfb14a1ffd536f759b5411693c63004a
,NO_TAGS,03,14,596x198+60+70,28,04,58,20160403142858-240-00.jpg,2016,20160403142858-240-00,1-d8948c78667d7ced8453bdd421c1954d
,NO_TAGS,03,14,364x444+192+34,29,04,24,20160403142924-241-00.jpg,2016,20160403142924-241-00,1-1b56f4a9891d562f016ec91f788afec5
0.75026,person,03,14,62x90+330+108,30,04,03,20160403143003-242-00.jpg,2016,20160403143003-242-00,1-9de67aff03443cf70f934673d2ef6cbe
,NO_TAGS,03,14,398x478+130+0,33,04,15,20160403143315-243-00.jpg,2016,20160403143315-243-00,1-7cd9b827e3996c8cbdf01422ac7e6451
0.999447,person,03,14,192x354+204+116,34,04,12,20160403143412-244-01.jpg,2016,20160403143412-244-01,1-7ec869060960a8288ec7f14e4e02da0d
0.990987,person,03,14,146x358+202+106,35,04,18,20160403143518-245-00.jpg,2016,20160403143518-245-00,1-7e695900a5e8d73daa638c5b35488c4e
0.998167,person,03,14,316x350+120+84,42,04,01,20160403144201-246-00.jpg,2016,20160403144201-246-00,1-9f7722e03bdf3e9a5aa6f08ec8fac05c
0.999176,person,03,14,212x340+204+118,42,04,30,20160403144230-247-01.jpg,2016,20160403144230-247-01,1-544e11ec0b1ea6eb2a3e33548c378e72
0.998887,person,03,14,176x394+212+58,43,04,14,20160403144314-248-01.jpg,2016,20160403144314-248-01,1-0f959dc6e665091255ada7f157e229f1
0.268941,person,03,14,608x460+36+0,43,04,47,20160403144347-249-01.jpg,2016,20160403144347-249-01,1-c9798931951ffb9eea8641b14456d57e
,NO_TAGS,03,14,34x54+186+100,44,04,20,20160403144420-250-01.jpg,2016,20160403144420-250-01,1-cfdfd460099d99c3b8fb78efcad089db
,NO_TAGS,03,14,106x160+202+104,44,04,37,20160403144437-251-01.jpg,2016,20160403144437-251-01,1-a1ae7182741e2612b1f8ba1b7a53430a
0.999325,person,03,14,152x310+210+136,45,04,58,20160403144558-252-01.jpg,2016,20160403144558-252-01,1-0799d983745ec7e1eaa09ab231557de1
,NO_TAGS,03,14,72x80+266+136,47,04,17,20160403144717-253-00.jpg,2016,20160403144717-253-00,1-02a2698df6271a726d15cd077a5810b4
,NO_TAGS,03,14,26x64+148+118,48,04,07,20160403144807-254-01.jpg,2016,20160403144807-254-01,1-9eedb6ec6081c72693211b39a05988a6
,NO_TAGS,03,14,120x34+224+184,49,04,22,20160403144922-255-01.jpg,2016,20160403144922-255-01,1-6801feee9d39796dbf7bf739db42791b
0.999254,person,03,14,196x338+190+122,49,04,56,20160403144956-256-00.jpg,2016,20160403144956-256-00,1-f1cd8d5bee677f322834df8ac2670cb5
0.999447,person,03,14,152x304+232+160,50,04,12,20160403145012-257-00.jpg,2016,20160403145012-257-00,1-aadb5c466626e4aac59e4dddf854dbda
0.475021,person,03,14,48x68+312+146,54,04,44,20160403145444-258-01.jpg,2016,20160403145444-258-01,1-9260bfa566e2a06d4cf6d3d3c695576b
0.598688,person,03,14,58x94+360+136,59,04,00,20160403145900-259-00.jpg,2016,20160403145900-259-00,1-a9760504549f50490db12a3dff26a3ff
,NO_TAGS,03,14,34x50+424+220,59,04,39,20160403145939-260-00.jpg,2016,20160403145939-260-00,1-043105d03fec22c7604fe5ae6b9f3773
0.475021,person,03,15,36x104+288+98,18,04,26,20160403151826-261-00.jpg,2016,20160403151826-261-00,1-f5256e81c7c25f065d6448acbbca081c
,NO_TAGS,03,15,638x478+4+0,20,04,04,20160403152004-262-01.jpg,2016,20160403152004-262-01,1-4d55b20040b9aa09e51aabf79b5549b5
0.956893,person,03,15,292x250+357+82,24,04,18,20160403152418-263-01.jpg,2016,20160403152418-263-01,1-042a845f4d8cefdad7f730d4cee735a3
,NO_TAGS,03,15,40x48+548+142,24,04,52,20160403152452-264-01.jpg,2016,20160403152452-264-01,1-123f5bec0ec20dfdc8537aa2bcfc18d7
0.401312,person,03,15,64x104+380+126,26,04,05,20160403152605-265-00.jpg,2016,20160403152605-265-00,1-e8f7819857f7f99b96878d10818fead7
0.731059,person,03,15,266x284+376+72,28,04,19,20160403152819-266-00.jpg,2016,20160403152819-266-00,1-52fb880921d3b1bd2f987f6eda953a9c
0.645656,person,03,15,60x60+368+166,31,04,33,20160403153133-267-01.jpg,2016,20160403153133-267-01,1-3b5dac068cf0ae695e8eb99eaf96512b
0.997762,person,03,15,138x394+258+36,35,04,31,20160403153531-268-00.jpg,2016,20160403153531-268-00,1-8c0151386078c1112b4c00c5588105e5
0.5,person,03,15,40x98+292+100,37,04,56,20160403153756-269-01.jpg,2016,20160403153756-269-01,1-9ea6469b78d56c80367152ff464b83b3
0.996665,person,03,15,204x478+222+0,39,04,37,20160403153937-270-00.jpg,2016,20160403153937-270-00,1-363599be359b984e74cbbb7dd4bf53de
0.999325,person,03,15,160x394+204+62,40,04,13,20160403154013-271-00.jpg,2016,20160403154013-271-00,1-2a6735f2f4b96c6ffff7578abd5c0cbb
0.5,person,03,15,70x354+408+26,41,04,55,20160403154155-272-00.jpg,2016,20160403154155-272-00,1-88bbbfe96fa0fdafae45943e7f0643e5
0.817574,person,03,15,36x60+388+88,42,04,41,20160403154241-273-01.jpg,2016,20160403154241-273-01,1-f9976b35dfd66e03c0f4fb209796d455
0.425557,person,03,15,48x60+280+140,43,04,17,20160403154317-274-00.jpg,2016,20160403154317-274-00,1-32c44b6f3ba0f0b3dfb113ab3da923ff
0.268941,person,03,15,82x378+412+20,46,04,36,20160403154636-275-00.jpg,2016,20160403154636-275-00,1-900932b17db5469b3774c12b258f9fb1
,NO_TAGS,03,15,42x84+408+86,47,04,12,20160403154712-276-00.jpg,2016,20160403154712-276-00,1-eafd74030e88467c0b89da8561ee662a
0.817574,person,03,15,66x48+336+182,48,04,14,20160403154814-277-01.jpg,2016,20160403154814-277-01,1-27730ca880f6651e6d3f41947283a0f8
0.998771,person,03,15,208x388+216+58,48,04,57,20160403154857-278-01.jpg,2016,20160403154857-278-01,1-566fad3bd7c474beef326fdf2e9f0b73
,NO_TAGS,03,15,34x100+450+108,49,04,15,20160403154915-279-01.jpg,2016,20160403154915-279-01,1-0f171fe92c60bef60fc8dc31a3d55b0a
,NO_TAGS,03,15,54x60+468+112,49,04,57,20160403154957-280-00.jpg,2016,20160403154957-280-00,1-05f822d1a9778739ef2cd21f7713af79
0.997268,person,03,15,180x304+174+154,50,04,12,20160403155012-281-01.jpg,2016,20160403155012-281-01,1-169cecd73b5a209270ac6a3c359e87a9
,NO_TAGS,03,15,394x178+118+90,50,04,59,20160403155059-282-01.jpg,2016,20160403155059-282-01,1-6ac6ff043c694bdb9d6f3f2797ded10c
0.999176,person,03,15,180x466+236+0,53,04,14,20160403155314-283-00.jpg,2016,20160403155314-283-00,1-31064c0c00a3f70a39609aa6ba127c3f
,NO_TAGS,03,15,42x68+252+124,55,04,21,20160403155521-284-00.jpg,2016,20160403155521-284-00,1-479de788a2d98728306e5a3e73757af3
0.999254,person,03,15,180x426+212+52,56,04,22,20160403155622-285-01.jpg,2016,20160403155622-285-01,1-d303b16d641f307905c300a3bcad0d24
0.574443,person,03,15,434x244+120+108,58,04,33,20160403155833-286-01.jpg,2016,20160403155833-286-01,1-51e15b7b1de00969556750f911880247
0.450166,person,03,16,396x258+100+84,00,04,01,20160403160001-287-00.jpg,2016,20160403160001-287-00,1-54ad763d0487ee736ba5901b3196cb6f
0.817574,person,03,16,276x378+208+30,03,04,02,20160403160302-288-00.jpg,2016,20160403160302-288-00,1-509e6164e02720e611946ea1e92d7b54
0.28905,person,03,16,68x100+186+142,03,04,30,20160403160330-289-01.jpg,2016,20160403160330-289-01,1-b782e7f6789af5a7407b5f7c6f62a437
,NO_TAGS,03,17,34x50+400+290,01,04,42,20160403170142-298-01.jpg,2016,20160403170142-298-01,1-d9ad29e626596991fc289ad84a61bf9e
0.997975,person,03,17,126x370+266+58,09,04,38,20160403170938-299-01.jpg,2016,20160403170938-299-01,1-ebc3a1a5650e90ad89647e9143139681
0.268941,person,03,17,250x318+208+78,31,04,57,20160403173157-300-00.jpg,2016,20160403173157-300-00,1-c48761b69af9b200c092aed7a6d29d6a
,NO_TAGS,03,17,30x98+226+164,39,04,24,20160403173924-301-01.jpg,2016,20160403173924-301-01,1-21ec72f14b19774a5ad3037cee05848f
0.28905,person,03,17,354x280+240+56,44,04,21,20160403174421-302-00.jpg,2016,20160403174421-302-00,1-85278b5de0da4b6a6f002e138d3d731c
,NO_TAGS,03,17,584x184+36+98,44,04,46,20160403174446-303-00.jpg,2016,20160403174446-303-00,1-45cb17c08f58b61110d514bb8e7754bf
,NO_TAGS,03,17,56x54+280+150,58,04,16,20160403175816-304-00.jpg,2016,20160403175816-304-00,1-0bbb591e5c079b4626057ba70f5bc40a
,NO_TAGS,03,17,94x64+270+146,59,04,30,20160403175930-305-00.jpg,2016,20160403175930-305-00,1-b3c9ac21acd68c2699e9368208f5f168
0.331812,person,03,18,242x294+170+42,00,04,37,20160403180037-306-00.jpg,2016,20160403180037-306-00,1-503a342cbc0cfa855f5e609b3567c6ed
,NO_TAGS,03,18,88x64+276+140,01,04,16,20160403180116-307-00.jpg,2016,20160403180116-307-00,1-ddfa6fe0f38a19c65e8dc2e785a5ec5a
0.75026,person,03,18,572x260+30+124,02,04,28,20160403180228-308-01.jpg,2016,20160403180228-308-01,1-927ed1c716b83234d111a1638bf4f9be
,NO_TAGS,03,18,456x188+132+160,04,04,57,20160403180457-309-00.jpg,2016,20160403180457-309-00,1-568f0202f96fa6e6e1c43583b8993932
0.996982,person,03,18,180x410+238+54,06,04,11,20160403180611-310-00.jpg,2016,20160403180611-310-00,1-4a55ea3cdfeab3963c0ea667731e04f2
0.880797,person,03,18,520x184+50+144,07,04,27,20160403180727-311-01.jpg,2016,20160403180727-311-01,1-b9854a67041dfd0d282813c5d3b2e66a
0.999089,person,03,18,344x394+182+84,08,04,45,20160403180845-312-01.jpg,2016,20160403180845-312-01,1-f972587f766c2ecf915bfe43e9ef42ea
0.598688,person,03,18,332x348+144+8,09,04,05,20160403180905-313-00.jpg,2016,20160403180905-313-00,1-f4421db558e8faf2db45248b6eefe5af
0.858149,person,03,18,488x164+100+170,11,04,02,20160403181102-314-01.jpg,2016,20160403181102-314-01,1-8d579d3e8138571580d6a2c84995a771
,NO_TAGS,03,18,346x354+156+0,11,04,45,20160403181145-315-00.jpg,2016,20160403181145-315-00,1-8c7c820d765948960bba2e5ab8fe0bf9
0.549834,person,03,18,72x34+360+194,14,04,12,20160403181412-316-00.jpg,2016,20160403181412-316-00,1-ac7ee84a710f7c3f049e1407f82bd13b
0.668188,person,03,18,78x40+354+192,14,04,51,20160403181451-317-01.jpg,2016,20160403181451-317-01,1-152bfd188ede7c76d7779736d34f7166
0.845535,person,03,18,60x40+364+190,15,04,26,20160403181526-318-01.jpg,2016,20160403181526-318-01,1-cd4c6e16a4518e216b06868bb2c8c2b8
0.5,person,03,18,88x54+360+184,15,04,51,20160403181551-319-00.jpg,2016,20160403181551-319-00,1-86897c12665eb4e9ad707945bfe216e0
0.993307,person,03,18,162x370+236+108,16,04,45,20160403181645-320-00.jpg,2016,20160403181645-320-00,1-23a92d3241d657bc653019135942da57
,NO_TAGS,03,18,514x478+62+0,43,04,16,20160403184316-321-01.jpg,2016,20160403184316-321-01,1-0b3dd5bea826dde9d77f9e1096975f16
0.998341,person,03,18,108x460+298+0,44,04,08,20160403184408-322-01.jpg,2016,20160403184408-322-01,1-ffb3161014c12c95bd32a791d990dc0e
,NO_TAGS,03,18,42x168+220+164,44,04,46,20160403184446-323-01.jpg,2016,20160403184446-323-01,1-36bc8ce609299a289bc108d60cf0fccc
0.997975,person,03,18,256x456+188+22,45,04,11,20160403184511-324-01.jpg,2016,20160403184511-324-01,1-918af245a2702a25fdfe8c85b248fd33
,NO_TAGS,03,18,638x478+9+0,53,04,53,20160403185353-325-01.jpg,2016,20160403185353-325-01,1-306e42dd6475a931abbf400399a6ff1f
,NO_TAGS,03,18,30x94+456+92,56,04,51,20160403185651-326-01.jpg,2016,20160403185651-326-01,1-e5771ba1c93b2211c38c4a3d7a40f781
0.354344,person,03,19,598x476+22+0,01,04,26,20160403190126-327-01.jpg,2016,20160403190126-327-01,1-c41af9b773d83204bc2a3dae92f9499b
0.845535,person,03,19,60x386+392+0,07,04,46,20160403190746-328-00.jpg,2016,20160403190746-328-00,1-d2e6e2033802d47c658bba3d0b770611
0.377541,person,03,19,72x370+436+22,09,04,44,20160403190944-329-00.jpg,2016,20160403190944-329-00,1-152ec7b75af2138515d831cfb441afa2
0.731059,person,03,19,554x398+40+80,10,04,48,20160403191048-330-01.jpg,2016,20160403191048-330-01,1-ca55e96dbb4ff6e035a31c1026a1d1a1
0.970688,person,03,19,638x478+-1+0,14,04,40,20160403191440-331-01.jpg,2016,20160403191440-331-01,1-b3665dc262429e66a5957a10fe032c6a
0.549834,person,03,19,28x78+228+206,17,04,54,20160403191754-332-00.jpg,2016,20160403191754-332-00,1-a18f8ce61a8ab46983af284a26da495b
0.354344,person,03,19,64x50+368+164,18,04,04,20160403191804-333-01.jpg,2016,20160403191804-333-01,1-769946cc61ca3b484909d5d8617509fe
,NO_TAGS,03,19,564x84+44+182,20,04,03,20160403192003-334-01.jpg,2016,20160403192003-334-01,1-2b26cf53cb0482b682ac49610f841ebf
0.268941,person,03,19,638x450+20+28,20,04,33,20160403192033-335-01.jpg,2016,20160403192033-335-01,1-117a67c9c1f9f6d29c8e696b13616f5b
0.354344,person,03,19,32x64+516+170,21,04,13,20160403192113-336-00.jpg,2016,20160403192113-336-00,1-4ea697810fb4d30be20c331e77d452fb
0.668188,person,03,19,112x336+226+142,21,04,43,20160403192143-337-01.jpg,2016,20160403192143-337-01,1-b7396ebf5e7e58cd2f461bf30ad5de5c
0.549834,person,03,19,592x254+-18+84,22,04,30,20160403192230-338-01.jpg,2016,20160403192230-338-01,1-ebfa977dba13b0c21ae2ef1b2b9ad169
0.802184,person,03,19,638x478+-1+0,28,04,42,20160403192842-339-01.jpg,2016,20160403192842-339-01,1-293d65b9abb9021a1b88117e6505beb6
,NO_TAGS,03,19,34x80+384+176,38,04,20,20160403193820-340-00.jpg,2016,20160403193820-340-00,1-10dbf142266c0dada9083813446a0fec
0.28905,person,03,19,52x428+408+50,46,04,17,20160403194617-341-01.jpg,2016,20160403194617-341-01,1-096b82292b3dba5079dd6d09d944d810
,NO_TAGS,03,19,56x154+406+282,49,04,19,20160403194919-343-00.jpg,2016,20160403194919-343-00,1-cbcedb06dbc68d4638227a54e03c1db0
,NO_TAGS,03,19,46x64+390+210,50,04,21,20160403195021-344-00.jpg,2016,20160403195021-344-00,1-00c5651a789e2f345cb3a16b69975306
0.354344,person,03,19,36x314+402+52,54,04,45,20160403195445-345-01.jpg,2016,20160403195445-345-01,1-3546f5c8ba99510f1186f8b1219f9875
,NO_TAGS,03,19,32x54+236+140,56,04,19,20160403195619-346-00.jpg,2016,20160403195619-346-00,1-7e898d9e9f86c4355a900ff2d604dee9
,NO_TAGS,03,20,30x68+408+212,05,04,30,20160403200530-347-01.jpg,2016,20160403200530-347-01,1-fed610d460ecc0b08fbbe902ad6557cd
0.785835,person,03,20,80x68+338+172,07,04,56,20160403200756-348-01.jpg,2016,20160403200756-348-01,1-79d23842c8699aaaddb4fa626c66a90c
0.731059,person,03,20,190x274+414+108,09,04,17,20160403200917-349-00.jpg,2016,20160403200917-349-00,1-55d977505fb89ffaabfe629c86e1010b
0.401312,person,03,20,56x470+382+8,10,04,23,20160403201023-350-00.jpg,2016,20160403201023-350-00,1-cf2b86d30c03a9ee5c7a9eb662fca320
0.75026,person,03,20,40x80+402+282,13,04,09,20160403201309-351-00.jpg,2016,20160403201309-351-00,1-e2e7e9dead03f0dd301d0012ca4061fa
0.942676,person,03,20,34x50+436+326,13,04,31,20160403201331-352-01.jpg,2016,20160403201331-352-01,1-74ccd912e46071aef4a73a83ad398489
0.574443,person,03,20,52x44+418+330,14,04,01,20160403201401-353-00.jpg,2016,20160403201401-353-00,1-76d87d18100a696a2f639b52e3da82c4
0.549834,person,03,20,140x294+312+60,14,04,38,20160403201438-354-00.jpg,2016,20160403201438-354-00,1-53de90544a3bf489a50a13a45c5e957e
0.354344,person,03,20,56x64+354+168,15,04,35,20160403201535-355-00.jpg,2016,20160403201535-355-00,1-01df1c173f3843772478812f0d893343
0.817574,person,03,20,474x478+82+0,17,04,52,20160403201752-356-00.jpg,2016,20160403201752-356-00,1-d61321585c95a84fcd907030e9afc75e
0.768525,person,03,20,456x398+78+0,21,04,16,20160403202116-357-01.jpg,2016,20160403202116-357-01,1-8727fdbffee0bb0424d92ebd047e3e2e
0.845535,person,03,20,448x478+96+0,21,04,40,20160403202140-358-01.jpg,2016,20160403202140-358-01,1-60e1f006a929129137188fdd62b06d89
0.999089,person,03,20,174x330+200+128,24,04,36,20160403202436-359-01.jpg,2016,20160403202436-359-01,1-1c7f304678ed3ca9ad490e012c28faab
0.425557,person,03,20,330x288+158+94,24,04,59,20160403202459-360-01.jpg,2016,20160403202459-360-01,1-f33142267f7397426837fb1c15fad475
0.880797,person,03,20,550x478+40+0,30,04,25,20160403203025-361-01.jpg,2016,20160403203025-361-01,1-a3be38f0cde6619e35f5b38e6ec63215
0.524979,person,03,20,140x98+368+82,32,04,23,20160403203223-362-01.jpg,2016,20160403203223-362-01,1-e3e021088ba1346a99593ba30a01c7eb
0.331812,person,03,20,492x478+74+0,33,04,46,20160403203346-363-01.jpg,2016,20160403203346-363-01,1-2c90a0b86314b7ac99f2613b0a824fcf
0.995033,person,03,20,546x444+46+20,36,04,13,20160403203613-364-01.jpg,2016,20160403203613-364-01,1-f8fe07f5db71bbcafdf7ee9f16f86133
0.985226,person,03,20,486x240+80+120,44,04,39,20160403204439-365-00.jpg,2016,20160403204439-365-00,1-19acf63a63e6d3dfcf70e63d9c6a5189
0.475021,person,03,20,34x74+366+156,47,04,48,20160403204748-366-00.jpg,2016,20160403204748-366-00,1-25460058570e521e5a7507779ae7b49a
,NO_TAGS,03,20,638x320+39+110,48,04,16,20160403204816-367-00.jpg,2016,20160403204816-367-00,1-f3a45bd7e1bddbc127957bbc09c2010e
,NO_TAGS,03,20,26x174+404+158,50,04,20,20160403205020-368-01.jpg,2016,20160403205020-368-01,1-4e4a6e2d25831483706915925d9fcf00
,NO_TAGS,03,20,32x60+220+264,50,04,41,20160403205041-369-01.jpg,2016,20160403205041-369-01,1-22c30bb80f07db84c74cbdbed63bbd55
,NO_TAGS,03,20,44x40+406+240,51,04,28,20160403205128-370-00.jpg,2016,20160403205128-370-00,1-61e897ff41b00a5e74db52d53724174f
,NO_TAGS,03,20,66x54+254+222,58,04,15,20160403205815-371-00.jpg,2016,20160403205815-371-00,1-b2366a83e53eb9f4849f9cad56b55b39
0.377541,person,03,20,56x294+400+72,58,04,31,20160403205831-372-00.jpg,2016,20160403205831-372-00,1-4847d31ec6080da0d10707252a41b7d9
,NO_TAGS,03,21,208x478+338+0,05,04,31,20160403210531-373-01.jpg,2016,20160403210531-373-01,1-b786e2d7e504e7833ec4a3358d1d332e
,NO_TAGS,03,21,32x84+294+120,07,04,40,20160403210740-374-00.jpg,2016,20160403210740-374-00,1-c7e796ede8e075acc461d73412bf2dc1
,NO_TAGS,03,21,588x158+32+168,08,04,38,20160403210838-375-01.jpg,2016,20160403210838-375-01,1-e654d7e50fe4c85531ad766cdf82b168
0.993307,person,03,21,638x424+3+30,21,04,06,20160403212106-376-01.jpg,2016,20160403212106-376-01,1-77b4e65c1351c62dd9d993ec7880716f
0.354344,hotel,03,21,62x38+366+184,28,04,11,20160403212811-377-00.jpg,2016,20160403212811-377-00,1-7eb8b96ed01904a08ed66f3586ae7365
,NO_TAGS,03,21,58x80+412+354,30,04,42,20160403213042-378-00.jpg,2016,20160403213042-378-00,1-14e606645be03770a34e194b9c8c46c0
,NO_TAGS,03,21,524x478+60+0,50,04,18,20160403215018-379-00.jpg,2016,20160403215018-379-00,1-9680126ff051ecb41037ef055f8262c5
,NO_TAGS,03,21,66x364+402+114,59,04,49,20160403215949-380-01.jpg,2016,20160403215949-380-01,1-77e9d8d8ded223905084655b3051c1cc
0.549834,person,03,22,302x214+210+94,01,04,22,20160403220122-381-00.jpg,2016,20160403220122-381-00,1-b9ce780a7699cf823ea90446eedae63c
,NO_TAGS,03,22,346x268+321+176,17,04,41,20160403221741-382-00.jpg,2016,20160403221741-382-00,1-2a2a12f01be8932024db055ff5b1fd64
,NO_TAGS,03,22,578x478+38+0,18,04,12,20160403221812-383-01.jpg,2016,20160403221812-383-01,1-94f1dafc51e8bf2a9d49734b13641bf6
,NO_TAGS,03,22,622x478+17+0,21,04,39,20160403222139-384-00.jpg,2016,20160403222139-384-00,1-6d0fb12153db4fb03df55c8ac05cc4bc
0.310026,night,03,22,72x34+328+186,33,04,10,20160403223310-385-00.jpg,2016,20160403223310-385-00,1-3fff6e712aff0472330e93ddee9bb6fe
0.354344,night,03,22,66x28+254+180,34,04,42,20160403223442-386-01.jpg,2016,20160403223442-386-01,1-312166988bd5ed553011cbf1f8dd2f2b
,NO_TAGS,03,22,28x78+268+240,43,04,12,20160403224312-387-00.jpg,2016,20160403224312-387-00,1-cc8a08800fb9ece48aac9ecf167331c0
,NO_TAGS,03,22,636x478+2+0,44,04,50,20160403224450-388-01.jpg,2016,20160403224450-388-01,1-9736e095c5c1573d3604230f553fbe0e
0.768525,sky,03,23,48x48+466+180,15,04,28,20160403231528-389-01.jpg,2016,20160403231528-389-01,1-abf2d94f4435c78c06e760928cc897d1
,NO_TAGS,04,00,632x478+6+0,02,04,37,20160404000237-390-00.jpg,2016,20160404000237-390-00,1-7e4b235b2dd1a6a5c6a037b9e7581284
,NO_TAGS,04,06,46x84+344+134,32,04,41,20160404063241-399-01.jpg,2016,20160404063241-399-01,1-dcb22a44cd669e605f7c9b239259ba26
,NO_TAGS,04,06,538x218+18+84,33,04,26,20160404063326-400-00.jpg,2016,20160404063326-400-00,1-86a91145456dc012006990105ebd7539
,NO_TAGS,04,06,36x48+284+146,34,04,21,20160404063421-401-01.jpg,2016,20160404063421-401-01,1-21af88a905cc8854c9cbe82b08a67d34
,NO_TAGS,04,06,36x50+404+328,37,04,22,20160404063722-402-01.jpg,2016,20160404063722-402-01,1-4780ab6b2a59f0396dbccc4e160d58b0
,NO_TAGS,04,06,36x108+232+152,39,04,01,20160404063901-403-01.jpg,2016,20160404063901-403-01,1-ab18c5f40fe1e47cf181a0e376d08bf9
,NO_TAGS,04,06,512x164+68+100,41,04,16,20160404064116-404-00.jpg,2016,20160404064116-404-00,1-2d8eb6443ba9569d7fbcf0ad62548f99
0.997527,person,04,07,146x400+246+50,00,04,04,20160404070004-405-01.jpg,2016,20160404070004-405-01,1-d772296fed7c2c96406377b9ee5288b2
,NO_TAGS,04,07,64x60+250+130,04,04,29,20160404070429-406-01.jpg,2016,20160404070429-406-01,1-bfa03fd34e4ec65d76a4384299109936
0.937027,person,04,07,472x462+86+0,09,04,07,20160404070907-407-00.jpg,2016,20160404070907-407-00,1-ac00d1599a33a8cd00c47e4f8c05fb65
,NO_TAGS,04,07,546x478+48+0,10,04,18,20160404071018-408-00.jpg,2016,20160404071018-408-00,1-da887f79b361e2ec0ea458934e51e135
,NO_TAGS,04,07,60x234+432+86,15,04,21,20160404071521-409-00.jpg,2016,20160404071521-409-00,1-84929f73f1e5e11b4fc9b919b16a9b13
0.668188,person,04,07,80x344+358+70,15,04,46,20160404071546-410-01.jpg,2016,20160404071546-410-01,1-eb5818b5d85170e447308aa85033c71b
,NO_TAGS,04,07,54x94+378+136,16,04,54,20160404071654-411-00.jpg,2016,20160404071654-411-00,1-72920f997a0d10f6ec007034d39675ec
0.450166,person,04,07,110x44+294+176,17,04,32,20160404071732-412-01.jpg,2016,20160404071732-412-01,1-e00129b4b0b277ac505afe6cdd0d7a15
0.731059,person,04,07,42x68+426+304,17,04,59,20160404071759-413-00.jpg,2016,20160404071759-413-00,1-11948af0d803a622ed37a15b3a656f55
0.845535,person,04,07,82x48+320+174,18,04,09,20160404071809-414-01.jpg,2016,20160404071809-414-01,1-1d543a9d89a97042b9ec6033dc46cbf5
0.991837,person,04,07,222x388+204+44,20,04,32,20160404072032-416-01.jpg,2016,20160404072032-416-01,1-f528b9f6d42ede0a2b8fefaca3ad4691
0.998993,person,04,07,310x478+168+0,27,04,27,20160404072727-417-00.jpg,2016,20160404072727-417-00,1-cb8407feb1da7526b1c66825aafe151c
0.645656,person,04,07,34x64+200+204,28,04,19,20160404072819-418-01.jpg,2016,20160404072819-418-01,1-5fb35026cba20b861cf0a024c066598e
0.5,person,04,07,638x344+-10+78,28,04,56,20160404072856-419-00.jpg,2016,20160404072856-419-00,1-f51112a93917ac12ad7df153f4d9ba83
0.785835,person,04,07,46x64+208+202,29,04,48,20160404072948-420-01.jpg,2016,20160404072948-420-01,1-52123da789c54777573bee8da5684f52
0.997527,person,04,07,160x394+206+56,30,04,38,20160404073038-421-00.jpg,2016,20160404073038-421-00,1-0c5a75aebb898aba17e4f3809850e5e1
0.998771,person,04,07,250x374+188+40,31,04,50,20160404073150-422-00.jpg,2016,20160404073150-422-00,1-9a4308dc507c0c1d8c710ee27bd4a774
,NO_TAGS,04,07,62x34+338+178,33,04,38,20160404073338-423-01.jpg,2016,20160404073338-423-01,1-6a280b472e815a0186a30072520e82a7
,NO_TAGS,04,07,24x88+234+174,34,04,42,20160404073442-424-01.jpg,2016,20160404073442-424-01,1-96ddeb0401d251e0554a9da6c2b0ed5d
,NO_TAGS,04,07,56x54+266+140,43,04,49,20160404074349-425-01.jpg,2016,20160404074349-425-01,1-2c3b6e8bad60e2cc6883b0f159bc9bff
0.425557,person,04,07,436x478+18+0,44,04,35,20160404074435-426-00.jpg,2016,20160404074435-426-00,1-28b489afe830051a54778335d2f26abc
0.28905,person,04,07,36x64+332+118,45,04,41,20160404074541-427-00.jpg,2016,20160404074541-427-00,1-81319a5755edabf13150533db2771db8
0.28905,person,04,07,78x478+344+0,46,04,17,20160404074617-428-00.jpg,2016,20160404074617-428-00,1-dfc7869ab3f18d82bb8292deded8306e
0.331812,person,04,07,290x120+164+112,47,04,28,20160404074728-429-00.jpg,2016,20160404074728-429-00,1-4d9c7c0fa51acef4dbbea669f75e31af
,NO_TAGS,04,08,440x124+94+146,00,04,38,20160404080038-430-01.jpg,2016,20160404080038-430-01,1-a1cec57f32e7dd494b70c346a8f7ee0e
0.549834,person,04,08,60x80+402+150,01,04,41,20160404080141-431-00.jpg,2016,20160404080141-431-00,1-420a35ca45689e3dd80064619ff9a9b4
0.28905,person,04,08,52x54+428+184,02,04,13,20160404080213-432-00.jpg,2016,20160404080213-432-00,1-da4dc6d763ef59241f275c74aae618bc
,NO_TAGS,04,08,18x104+474+186,02,04,52,20160404080252-433-00.jpg,2016,20160404080252-433-00,1-2c022843a4f4df3cb5ed2be888be3620
0.880797,person,04,08,50x358+408+68,03,04,26,20160404080326-434-01.jpg,2016,20160404080326-434-01,1-a76fafa60b2f9c710e95bfb74b09c5f6
0.598688,person,04,08,396x104+122+108,05,04,06,20160404080506-435-00.jpg,2016,20160404080506-435-00,1-2acc2ddd0d126afb34a261d8a20fa951
0.425557,person,04,08,628x466+24+12,05,04,45,20160404080545-436-00.jpg,2016,20160404080545-436-00,1-4a94b886ddb68355771a097ea0f9bd4c
,NO_TAGS,04,08,238x134+190+344,10,04,00,20160404081000-437-01.jpg,2016,20160404081000-437-01,1-67126538fc4bbbe548e6c5f291d72f56
,NO_TAGS,04,08,66x98+454+380,17,04,08,20160404081708-438-00.jpg,2016,20160404081708-438-00,1-7e7ce6c1f483512e66d30ebe14547ed2
,NO_TAGS,04,08,50x118+406+208,18,04,24,20160404081824-439-01.jpg,2016,20160404081824-439-01,1-2ca0bdd82027b69ace5a0fc4c6beac97
,NO_TAGS,04,08,44x44+408+282,18,04,48,20160404081848-440-01.jpg,2016,20160404081848-440-01,1-a54e6f5dc63350b8a0e69a149be9f193
0.377541,person,04,08,40x48+448+292,19,04,45,20160404081945-441-00.jpg,2016,20160404081945-441-00,1-b00e40da91e5fdc3c343c983db9786c1
,NO_TAGS,04,08,28x108+172+134,20,04,06,20160404082006-442-00.jpg,2016,20160404082006-442-00,1-4a9d0d493f3ffc18f7f5d99fe754bcf1
,NO_TAGS,04,08,54x154+402+188,20,04,27,20160404082027-443-01.jpg,2016,20160404082027-443-01,1-fdeec0aa38c8d256ed1200994b28be3c
,NO_TAGS,04,08,44x34+406+238,20,04,58,20160404082058-444-00.jpg,2016,20160404082058-444-00,1-cb1764f8b989c176026fb5c40bcd98a7
,NO_TAGS,04,08,84x104+404+222,21,04,13,20160404082113-445-00.jpg,2016,20160404082113-445-00,1-fb3e82dffc78435b4d0b275713a73357
0.475021,person,04,08,638x168+26+298,22,04,24,20160404082224-446-00.jpg,2016,20160404082224-446-00,1-3b5cb3833de29f33b523135507b933f3
,NO_TAGS,04,08,36x164+476+246,23,04,47,20160404082347-447-01.jpg,2016,20160404082347-447-01,1-c13b69e118557e76c0c03e4a732f0d96
,NO_TAGS,04,08,580x370+80+46,25,04,23,20160404082523-448-01.jpg,2016,20160404082523-448-01,1-381a4cb87b3e272bdcfd7877170f6f5a
,NO_TAGS,04,08,24x104+450+372,27,04,50,20160404082750-449-00.jpg,2016,20160404082750-449-00,1-724e6799761c5533ed37a4f6f3a1ba01
,NO_TAGS,04,08,98x348+404+130,28,04,46,20160404082846-450-01.jpg,2016,20160404082846-450-01,1-a1be4ff3e6a84e3b3e07fc7dc10c5f96
,NO_TAGS,04,08,22x90+124+332,34,04,29,20160404083429-451-00.jpg,2016,20160404083429-451-00,1-18a091f0067c388dcaf7b7441d714fab
,NO_TAGS,04,08,46x58+394+198,34,04,45,20160404083445-452-01.jpg,2016,20160404083445-452-01,1-0ecf54643ba6af88fdd96e3dd8ad9b96
,NO_TAGS,04,08,38x40+406+230,35,04,26,20160404083526-453-00.jpg,2016,20160404083526-453-00,1-27c0dbd770b2bf786c42f611f32f6bbf
0.5,house,04,08,68x34+240+194,38,04,52,20160404083852-454-01.jpg,2016,20160404083852-454-01,1-50ebd3216854a57db331738535fd12b7
,NO_TAGS,04,08,46x48+116+316,40,04,36,20160404084036-455-01.jpg,2016,20160404084036-455-01,1-22cb03defc1f69621f2d15784d3ef917
,NO_TAGS,04,08,26x68+88+216,48,04,57,20160404084857-456-01.jpg,2016,20160404084857-456-01,1-61ca4dc0c65e196049f7f80bdf7b2a3e
,NO_TAGS,04,08,26x74+88+220,49,04,26,20160404084926-457-00.jpg,2016,20160404084926-457-00,1-055ae3270ce8517cdacaca6ed14dda9d
,NO_TAGS,04,08,26x74+88+222,50,04,42,20160404085042-458-01.jpg,2016,20160404085042-458-01,1-e1b74761a3c6a63e3a5d6dad1e47836b
,NO_TAGS,04,08,26x64+90+232,53,04,58,20160404085358-459-00.jpg,2016,20160404085358-459-00,1-3d6ac0fad024c007046e103b810fcb4d
,NO_TAGS,04,08,40x44+400+224,55,04,54,20160404085554-460-01.jpg,2016,20160404085554-460-01,1-2e62375a98a5cd8876e0584a91af1e78
,NO_TAGS,04,08,38x88+408+266,56,04,16,20160404085616-461-01.jpg,2016,20160404085616-461-01,1-7058dbad675464b90a1de2d8c4924865
,NO_TAGS,04,09,530x436+46+42,03,04,59,20160404090359-462-01.jpg,2016,20160404090359-462-01,1-6efa7df1ebb2c56b3bff6d40d8edd4e6
0.952574,person,04,09,28x90+128+256,04,04,46,20160404090446-463-01.jpg,2016,20160404090446-463-01,1-4b65d55cd340574a727c879a7245706b
,NO_TAGS,04,09,518x154+72+194,06,04,45,20160404090645-464-01.jpg,2016,20160404090645-464-01,1-3541ba747d58aec9abdcb78d9d611f86
,NO_TAGS,04,09,230x120+58+240,08,04,03,20160404090803-465-01.jpg,2016,20160404090803-465-01,1-f148259080dd3730c1568000387f804c
,NO_TAGS,04,09,380x94+174+200,09,04,28,20160404090928-466-01.jpg,2016,20160404090928-466-01,1-14b253c55bcfc539c44c9344e7b5996a
,NO_TAGS,04,09,28x74+232+188,09,04,39,20160404090939-467-01.jpg,2016,20160404090939-467-01,1-00335cd13ccf10efda155bee7428d8cc
,NO_TAGS,04,09,22x64+236+194,10,04,10,20160404091010-468-00.jpg,2016,20160404091010-468-00,1-fa2b6bbf7996ee824657162a889d31df
,NO_TAGS,04,09,26x84+198+98,10,04,29,20160404091029-469-00.jpg,2016,20160404091029-469-00,1-eb8b59e1e70b5ef1f4f4bc79a1876fce
,NO_TAGS,04,09,354x110+190+196,11,04,26,20160404091126-470-01.jpg,2016,20160404091126-470-01,1-bcb2793c69472e07c6598fccb147fe80
,NO_TAGS,04,09,28x74+232+188,22,04,21,20160404092221-471-00.jpg,2016,20160404092221-471-00,1-13ed33cd9c112fcbc916effb49311f0e
,NO_TAGS,04,09,638x478+-13+0,28,04,31,20160404092831-472-01.jpg,2016,20160404092831-472-01,1-d183c2b432b538a6f6e94388fb668b50
0.475021,person,04,09,32x110+408+170,30,04,58,20160404093058-473-01.jpg,2016,20160404093058-473-01,1-7c6e2e901cca725b33eea236026f12ed
,NO_TAGS,04,09,28x124+230+138,31,04,44,20160404093144-474-00.jpg,2016,20160404093144-474-00,1-65bd6c0c463d3bea2b240a86ad08f69b
,NO_TAGS,04,09,26x64+568+324,31,04,56,20160404093156-475-01.jpg,2016,20160404093156-475-01,1-6b184c64140da418dee27583bde75012
0.28905,person,04,09,260x478+168+0,35,04,16,20160404093516-476-01.jpg,2016,20160404093516-476-01,1-f1835a9c0014654faf9782dbdd7c8b33
0.450166,person,04,09,24x96+244+382,36,04,59,20160404093659-477-01.jpg,2016,20160404093659-477-01,1-3a45deff45884849248a9bf1e5f5f001
,NO_TAGS,04,09,442x478+98+0,38,04,22,20160404093822-478-00.jpg,2016,20160404093822-478-00,1-29405719331c3e8a343cae913026fc43
,NO_TAGS,04,09,638x68+-18+216,40,04,07,20160404094007-479-01.jpg,2016,20160404094007-479-01,1-aacf353f72cd508fdc24af44e32008b4
0.425557,person,04,09,56x28+402+242,41,04,35,20160404094135-480-01.jpg,2016,20160404094135-480-01,1-0ac2792a6abe5c279cb7e3e561b2f3ef
,NO_TAGS,04,09,308x128+154+142,43,04,18,20160404094318-481-01.jpg,2016,20160404094318-481-01,1-62b540ecc8fc799234cac90ef4e1b37e
,NO_TAGS,04,09,458x478+94+0,44,04,48,20160404094448-482-00.jpg,2016,20160404094448-482-00,1-cc21c8dc388d778e74f735f1bd9cc1d4
,NO_TAGS,04,09,90x104+194+374,46,04,57,20160404094657-483-01.jpg,2016,20160404094657-483-01,1-003df13cf2b57ecde0dbece91b0f9a06
,NO_TAGS,04,09,46x40+402+226,48,04,26,20160404094826-484-00.jpg,2016,20160404094826-484-00,1-10f04fddac400e11a17cb48377e4b6eb
,NO_TAGS,04,09,628x98+-30+230,48,04,54,20160404094854-485-00.jpg,2016,20160404094854-485-00,1-dd3add940ba15847c10c9b637e214436
,NO_TAGS,04,09,60x50+170+382,51,04,46,20160404095146-486-00.jpg,2016,20160404095146-486-00,1-42af202763e8a00bd56fc33afcac5b0b
,NO_TAGS,04,09,616x304+-3+142,52,04,10,20160404095210-487-00.jpg,2016,20160404095210-487-00,1-61855bed24404dee3772016a2e3f2be4
,NO_TAGS,04,09,38x54+424+224,54,04,36,20160404095436-488-00.jpg,2016,20160404095436-488-00,1-ed6635d57c96a7cab643ba408e2327e4
,NO_TAGS,04,09,26x84+86+196,54,04,59,20160404095459-489-00.jpg,2016,20160404095459-489-00,1-6205d7c42a3861fa53214660979e0230
,NO_TAGS,04,09,36x54+104+286,57,04,05,20160404095705-490-01.jpg,2016,20160404095705-490-01,1-e8ca57c028b218e6073aeef511837693
,NO_TAGS,04,09,82x38+374+190,57,04,54,20160404095754-491-01.jpg,2016,20160404095754-491-01,1-687675e91a9ff967342588ca18e82148
0.549834,person,04,09,290x260+40+54,58,04,48,20160404095848-492-01.jpg,2016,20160404095848-492-01,1-ecd3ede11565477461a983adeea63b06
,NO_TAGS,04,09,254x114+182+114,59,04,29,20160404095929-493-01.jpg,2016,20160404095929-493-01,1-5123a2dd70344a47191a268f07abeb05
,NO_TAGS,04,10,142x330+330+148,00,04,44,20160404100044-494-00.jpg,2016,20160404100044-494-00,1-22587235e846cfa01ffaf09b1343cc4b
,NO_TAGS,04,10,148x184+86+254,01,04,42,20160404100142-495-00.jpg,2016,20160404100142-495-00,1-479cf8328650b8a628da6ea976e99c7c
,NO_TAGS,04,10,48x40+404+238,02,04,24,20160404100224-496-01.jpg,2016,20160404100224-496-01,1-bbf6fdd495fcdddd50d393e58344b2c4
,NO_TAGS,04,10,86x114+264+358,07,04,58,20160404100758-497-00.jpg,2016,20160404100758-497-00,1-314009ddcd223145798e8e20b7436f00
,NO_TAGS,04,10,62x84+198+372,08,04,36,20160404100836-498-01.jpg,2016,20160404100836-498-01,1-4a2d3ee0dfe35d96f552c6b4d289949d
0.28905,person,04,10,404x390+168+56,09,04,03,20160404100903-499-01.jpg,2016,20160404100903-499-01,1-b743c653ce8bde325fa909be077462a0
,NO_TAGS,04,10,102x34+400+258,10,04,54,20160404101054-500-00.jpg,2016,20160404101054-500-00,1-d5059a277adf840a7e87d48e5e84b2f9
,NO_TAGS,04,10,216x286+66+192,16,04,37,20160404101637-501-00.jpg,2016,20160404101637-501-00,1-c802e33be8d4854ec2299d44a7ae3dff
,NO_TAGS,04,10,24x78+102+400,25,04,38,20160404102538-502-01.jpg,2016,20160404102538-502-01,1-b65874bb18aa15b7163bf5edb5917f89
,NO_TAGS,04,10,30x154+232+90,29,04,18,20160404102918-503-00.jpg,2016,20160404102918-503-00,1-428d017cad129ad122656702033b97a8
,NO_TAGS,04,10,88x88+200+388,30,04,10,20160404103010-504-01.jpg,2016,20160404103010-504-01,1-3e5470cd47d1335f3adce19491f3b34c
,NO_TAGS,04,10,80x88+224+390,37,04,52,20160404103752-505-00.jpg,2016,20160404103752-505-00,1-3054c4a52ed88a13da3e2cd5165b9ff7
,NO_TAGS,04,10,374x478+126+0,38,04,14,20160404103814-506-01.jpg,2016,20160404103814-506-01,1-66c06b1afcd35f389712ed79baed37a2
,NO_TAGS,04,10,638x478+15+0,39,04,28,20160404103928-507-01.jpg,2016,20160404103928-507-01,1-79e8eb8b1d14e3d9e1bcb959a76a1fc3
,NO_TAGS,04,10,40x94+236+164,43,04,33,20160404104333-508-00.jpg,2016,20160404104333-508-00,1-d45c86ae2671cd675af5de21a6ae0a07
0.549834,person,04,10,82x80+402+78,44,04,21,20160404104421-509-01.jpg,2016,20160404104421-509-01,1-5d1dddde1ea0b356a62ed0d37427f2ca
0.310026,person,04,10,58x38+388+88,47,04,20,20160404104720-510-00.jpg,2016,20160404104720-510-00,1-dea148d7b2cc514b03615175153a6dc8
,NO_TAGS,04,10,154x440+248+0,48,04,36,20160404104836-511-01.jpg,2016,20160404104836-511-01,1-0eb30385e042a1e71128d7a2eafed3c0
,NO_TAGS,04,10,38x90+422+182,49,04,43,20160404104943-512-01.jpg,2016,20160404104943-512-01,1-cf498b69be21f08b3b9e9cad487db8ae
0.377541,person,04,10,246x410+274+68,52,04,21,20160404105221-513-00.jpg,2016,20160404105221-513-00,1-b2eea864cc4561f7dcbad1de626e14db
0.401312,person,04,10,84x100+430+182,52,04,46,20160404105246-514-00.jpg,2016,20160404105246-514-00,1-b4c6dcb57e721bbf8ca8800c20947e17
0.354344,person,04,10,96x64+372+164,53,04,37,20160404105337-515-00.jpg,2016,20160404105337-515-00,1-e04a30c3e1ef4d9196980a2c091c8a44
0.598688,person,04,10,64x34+372+192,55,04,25,20160404105525-516-01.jpg,2016,20160404105525-516-01,1-d2b9796895151c429a44207010951c9d
0.622459,person,04,10,38x114+436+106,55,04,38,20160404105538-517-00.jpg,2016,20160404105538-517-00,1-afbf969300a88642775c00dcb6dacbd4
0.5,person,04,10,44x80+390+182,57,04,05,20160404105705-518-00.jpg,2016,20160404105705-518-00,1-f39130e0d561fb2d4cfe3078572d4612
,NO_TAGS,04,10,596x446+14+32,58,04,25,20160404105825-519-01.jpg,2016,20160404105825-519-01,1-cc4b20685675ce43a36c9df20c090200
,NO_TAGS,04,11,86x144+120+330,10,04,15,20160404111015-520-00.jpg,2016,20160404111015-520-00,1-7f2f83175ac12e63f1808144c7572bca
,NO_TAGS,04,11,42x50+204+380,12,04,02,20160404111202-521-01.jpg,2016,20160404111202-521-01,1-4493c2216c041ea1a2c0e73763b8d8db
,NO_TAGS,04,11,42x50+210+380,26,04,45,20160404112645-522-00.jpg,2016,20160404112645-522-00,1-707e7fd59e2e90f5e1adfa3b6f99002c
,NO_TAGS,04,11,68x54+406+278,29,04,39,20160404112939-523-00.jpg,2016,20160404112939-523-00,1-2f5cea3a84c9f547ce6829f963da1759
,NO_TAGS,04,11,36x100+168+378,31,04,32,20160404113132-524-00.jpg,2016,20160404113132-524-00,1-a4f940d46cd2b32cdfe15a4e8a1b4819
,NO_TAGS,04,12,32x64+228+190,15,04,51,20160404121551-525-00.jpg,2016,20160404121551-525-00,1-60d525e376d2d1a954651f27767c190a
,NO_TAGS,04,12,178x412+82+0,16,04,06,20160404121606-526-00.jpg,2016,20160404121606-526-00,1-d1dec7b77ba0ec52954cd599f4d7700a
0.947846,person,04,12,424x478+108+0,17,04,49,20160404121749-527-00.jpg,2016,20160404121749-527-00,1-6819a0621878e1c9c47583750c56233b
0.354344,person,04,12,64x164+212+64,44,04,37,20160404124437-528-01.jpg,2016,20160404124437-528-01,1-3bb409c163aa65f91008378738eabc62
0.998167,person,04,12,246x402+168+76,58,04,31,20160404125831-529-00.jpg,2016,20160404125831-529-00,1-037fbd2cbc09c211003b3009b0aca705
,NO_TAGS,04,13,22x88+208+98,05,04,03,20160404130503-530-01.jpg,2016,20160404130503-530-01,1-17170b964c41bae8c6a46a0bb1052f92
,NO_TAGS,04,13,22x114+194+104,10,04,56,20160404131056-531-00.jpg,2016,20160404131056-531-00,1-d1950bbd970c4ff72adabf8e8bcf46e1
,NO_TAGS,04,13,56x158+242+64,58,04,31,20160404135831-532-00.jpg,2016,20160404135831-532-00,1-d6440c952ba7b01879c6a0652f04374f
0.999254,person,04,13,102x424+290+50,59,04,50,20160404135950-533-00.jpg,2016,20160404135950-533-00,1-58ea7e835ded69a213e3000907d563af
,NO_TAGS,04,14,24x100+234+108,01,04,30,20160404140130-534-01.jpg,2016,20160404140130-534-01,1-53b86f607e9a2901657bd4f0083dc804
,NO_TAGS,04,14,82x124+178+116,03,04,28,20160404140328-535-00.jpg,2016,20160404140328-535-00,1-2240017776f0ed1743272a612eb67359
,NO_TAGS,04,14,34x138+230+108,03,04,51,20160404140351-536-00.jpg,2016,20160404140351-536-00,1-a011e8bffe7e8d519efb957876cc8b7c
,NO_TAGS,04,14,258x478+206+0,04,04,18,20160404140418-537-01.jpg,2016,20160404140418-537-01,1-3b3ee23f31f521cf335e1d1647a94bff
,NO_TAGS,04,14,24x94+238+162,08,04,01,20160404140801-538-01.jpg,2016,20160404140801-538-01,1-73ab9faa294e4bf7dc14cc061cce3c54
,NO_TAGS,04,14,30x110+238+110,09,04,11,20160404140911-539-00.jpg,2016,20160404140911-539-00,1-295c689674ef5918798f333f75ad9604
,NO_TAGS,04,14,42x104+234+136,09,04,21,20160404140921-540-01.jpg,2016,20160404140921-540-01,1-a3a847bdeb4f793d263b62d0059e5439
0.28905,person,04,14,334x194+174+70,09,04,52,20160404140952-541-00.jpg,2016,20160404140952-541-00,1-c01d2d9f328ae828ff10f005903a38c9
,NO_TAGS,04,14,72x54+450+94,10,04,16,20160404141016-542-00.jpg,2016,20160404141016-542-00,1-0ad09e66683cfe90f265101068c19f8b
,NO_TAGS,04,14,90x228+408+38,10,04,51,20160404141051-543-01.jpg,2016,20160404141051-543-01,1-cb7ef82ee97700158220cdc6083baf6c
0.996316,person,04,14,248x424+172+20,11,04,19,20160404141119-544-01.jpg,2016,20160404141119-544-01,1-e169f98dcd55ded0dcec0a994c1e0a3a
,NO_TAGS,04,14,36x100+232+116,14,04,02,20160404141402-545-00.jpg,2016,20160404141402-545-00,1-0380426d25ea15abb6e4582cfb5dc478
,NO_TAGS,04,14,42x64+226+112,14,04,33,20160404141433-546-01.jpg,2016,20160404141433-546-01,1-5529e7740a475af1feed3a0e63c6813f
,NO_TAGS,04,14,34x64+186+162,15,04,15,20160404141515-547-01.jpg,2016,20160404141515-547-01,1-e16ab1a64a450348f5d6a4a7c864b3f8
,NO_TAGS,04,14,30x104+232+114,16,04,33,20160404141633-548-00.jpg,2016,20160404141633-548-00,1-60e6055b38a5349f99a3857db8cbdad9
0.996316,person,04,14,152x424+204+48,17,04,16,20160404141716-549-00.jpg,2016,20160404141716-549-00,1-ff294d7196a7876c49803f6584cbfb80
,NO_TAGS,04,14,32x88+158+386,18,04,14,20160404141814-550-00.jpg,2016,20160404141814-550-00,1-3bcce50767f5aa21e4aac06a428bdaad
,NO_TAGS,04,14,20x84+410+350,18,04,50,20160404141850-551-01.jpg,2016,20160404141850-551-01,1-a0c49e4e5cc4d5a96cfc40571140b714
0.999089,person,04,14,136x394+258+84,20,04,06,20160404142006-552-00.jpg,2016,20160404142006-552-00,1-a454e814ad563bf7b64f4b33c42a2de5
0.5,person,04,14,46x64+314+132,21,04,38,20160404142138-553-01.jpg,2016,20160404142138-553-01,1-509452b78becaf8948f62f5788bcb2c4
,NO_TAGS,04,14,68x54+238+168,25,04,25,20160404142525-554-01.jpg,2016,20160404142525-554-01,1-3b01e9a82f6108ae63cc07d760bf23d4
0.998499,person,04,15,220x450+186+16,17,04,47,20160404151747-555-01.jpg,2016,20160404151747-555-01,1-4f33fed16b27d65c639d52e258fe693c
0.425557,person,04,15,74x58+226+176,20,04,59,20160404152059-556-01.jpg,2016,20160404152059-556-01,1-1a17122a580c5001e7701f9c7a29c967
,NO_TAGS,04,15,28x108+82+118,21,04,35,20160404152135-557-01.jpg,2016,20160404152135-557-01,1-d1e0eb8b932d2ef8aa994d0a1e0fdb75
,NO_TAGS,04,15,46x170+230+86,22,04,10,20160404152210-558-00.jpg,2016,20160404152210-558-00,1-37507de844b8e3a2c631ad835482ac67
,NO_TAGS,04,15,38x54+276+136,42,04,50,20160404154250-559-01.jpg,2016,20160404154250-559-01,1-16ebf05b7429d38a586ccf30b71afef3
,NO_TAGS,04,15,28x148+226+100,46,04,27,20160404154627-560-01.jpg,2016,20160404154627-560-01,1-f6fba929707eafbf7b40edfd16949491
,NO_TAGS,04,15,16x128+182+110,47,04,17,20160404154717-561-00.jpg,2016,20160404154717-561-00,1-8338adf61a9f189d593316f442964acc
0.986613,person,04,15,206x360+196+96,49,04,32,20160404154932-562-00.jpg,2016,20160404154932-562-00,1-96907dadb304313dad1b2d74802cfc1f
,NO_TAGS,04,15,40x154+232+84,51,04,31,20160404155131-563-01.jpg,2016,20160404155131-563-01,1-130bec994dc97cf71927a9c36dc61e7a
0.28905,person,04,15,30x84+240+134,52,04,20,20160404155220-564-00.jpg,2016,20160404155220-564-00,1-1f524638a46b35b6f70d5a598658d2ba
0.28905,person,04,15,48x104+376+164,56,04,53,20160404155653-565-00.jpg,2016,20160404155653-565-00,1-aaa4dfac5fab7ca8f0899ce87551df49
0.28905,person,04,16,278x98+208+168,08,04,19,20160404160819-566-01.jpg,2016,20160404160819-566-01,1-c1f9cb0a5fed5c0578ba4f73a17b9606
0.75026,person,04,16,62x370+382+16,10,04,30,20160404161030-567-00.jpg,2016,20160404161030-567-00,1-bb5c86b150dd0a2ccc008bfc03d7033d
0.998993,person,04,16,306x428+176+34,15,04,12,20160404161512-568-00.jpg,2016,20160404161512-568-00,1-3aec14bd256540006c49a1e9260a297d
,NO_TAGS,04,16,510x244+76+62,16,04,48,20160404161648-569-01.jpg,2016,20160404161648-569-01,1-5bb703d0865dad42fc741be174dd96b2
0.28905,person,04,16,492x374+104+104,18,04,57,20160404161857-570-00.jpg,2016,20160404161857-570-00,1-32403a9c0c8c8a037f3592218c79c00a
0.331812,person,04,16,28x174+416+172,19,04,17,20160404161917-571-00.jpg,2016,20160404161917-571-00,1-165f2aa946279e38cf95cbfc11d232ab
0.425557,person,04,16,62x40+384+184,19,04,32,20160404161932-572-01.jpg,2016,20160404161932-572-01,1-9b491dbd6237954848444deeaef9bdf8
0.598688,person,04,16,80x128+374+106,20,04,00,20160404162000-573-01.jpg,2016,20160404162000-573-01,1-346b5b9e4f73df6b39c79ebc3357537e
,NO_TAGS,04,16,280x60+186+180,21,04,05,20160404162105-574-01.jpg,2016,20160404162105-574-01,1-01ac648449e008116f7009a301005155
0.475021,person,04,16,26x100+410+236,23,04,08,20160404162308-575-01.jpg,2016,20160404162308-575-01,1-ed4f7e82f86cef0028ca16c171b889a9
,NO_TAGS,04,16,36x98+416+244,23,04,42,20160404162342-576-01.jpg,2016,20160404162342-576-01,1-afdff99b1024391b0aaba179ff79841f
0.98016,person,04,16,84x400+384+18,24,04,20,20160404162420-577-00.jpg,2016,20160404162420-577-00,1-2d8e4f247de40778eea6fcc18315415f
,NO_TAGS,04,16,34x304+406+30,24,04,52,20160404162452-578-01.jpg,2016,20160404162452-578-01,1-767b48816bca71418165fe4e2b2bcd6c
0.354344,person,04,16,72x60+398+120,25,04,18,20160404162518-579-00.jpg,2016,20160404162518-579-00,1-18113931169762da7721af315f668d85
,NO_TAGS,04,16,424x394+168+20,25,04,59,20160404162559-580-00.jpg,2016,20160404162559-580-00,1-31b4854a2842587deeee76e0183eee07
0.998641,person,04,16,158x478+204+0,27,04,27,20160404162727-581-01.jpg,2016,20160404162727-581-01,1-c33deffe7e050fec9117b92cbd6ad195
,NO_TAGS,04,16,24x90+164+378,31,04,22,20160404163122-582-00.jpg,2016,20160404163122-582-00,1-66421b35b02691b74e0feb8275140f76
,NO_TAGS,04,16,62x54+232+154,32,04,22,20160404163222-583-00.jpg,2016,20160404163222-583-00,1-4473652987de8bb6013359c5b0b88754
,NO_TAGS,04,16,50x44+204+138,33,04,09,20160404163309-584-01.jpg,2016,20160404163309-584-01,1-5971f1a65b0439d181264368d4c818d2
0.331812,person,04,16,48x54+202+134,33,04,56,20160404163356-585-01.jpg,2016,20160404163356-585-01,1-bc524f36ee7da5393b142c0f8f067039
0.450166,person,04,16,52x54+206+132,34,04,10,20160404163410-586-01.jpg,2016,20160404163410-586-01,1-6fb7d01d477b306f2b95afa4550283dc
0.331812,person,04,16,116x90+212+146,34,04,31,20160404163431-587-00.jpg,2016,20160404163431-587-00,1-ee1201ff7700d45cec01d902ffcbeec4
,NO_TAGS,04,16,74x294+378+110,36,04,46,20160404163646-588-01.jpg,2016,20160404163646-588-01,1-b12d16fd7702191e45ee4887d978db12
0.995033,person,04,16,120x428+218+50,37,04,28,20160404163728-589-00.jpg,2016,20160404163728-589-00,1-2ac7b5396db38c1ac52c038582e4c319
,NO_TAGS,04,16,26x78+294+130,41,04,54,20160404164154-590-01.jpg,2016,20160404164154-590-01,1-e0c25f8dd17b7d8db1acc7663b2831b1
,NO_TAGS,04,16,18x134+190+82,42,04,45,20160404164245-591-01.jpg,2016,20160404164245-591-01,1-46267912434136ce6613ec8b4a6ed169
,NO_TAGS,04,16,364x324+106+34,48,04,21,20160404164821-592-00.jpg,2016,20160404164821-592-00,1-aab25602d93eb55c4006920d9aacbfb6
,NO_TAGS,04,16,44x54+178+424,48,04,37,20160404164837-593-00.jpg,2016,20160404164837-593-00,1-888fb6ccf05dfe0c34c0b7b47c87c6ff
0.998993,person,04,16,138x404+258+48,52,04,42,20160404165242-594-01.jpg,2016,20160404165242-594-01,1-188efad954f5427858fd3dbfa0c83fa0
,NO_TAGS,04,16,296x138+176+140,59,04,36,20160404165936-595-01.jpg,2016,20160404165936-595-01,1-93af2394ac613b7ada12bc69921c018d
0.908877,person,04,17,274x394+196+54,50,04,35,20160404175035-596-01.jpg,2016,20160404175035-596-01,1-736d802c1882683fa7f61e81e04a1715
0.377541,person,04,17,390x304+160+38,55,04,39,20160404175539-597-01.jpg,2016,20160404175539-597-01,1-222e1af545ab7792c25bf0745b977fb1
0.425557,person,04,17,342x274+190+48,57,04,22,20160404175722-598-01.jpg,2016,20160404175722-598-01,1-f64d3b0478970cd40091cdf607db0e49
,NO_TAGS,04,17,638x370+-8+48,58,04,55,20160404175855-599-01.jpg,2016,20160404175855-599-01,1-43b60d7c882a5dbc147243a779794cb9
0.28905,person,04,18,528x408+32+0,02,04,18,20160404180218-600-00.jpg,2016,20160404180218-600-00,1-6a78ad08eefecdabc1814c5beb6ed1d0
,NO_TAGS,04,18,406x258+130+70,03,04,21,20160404180321-601-00.jpg,2016,20160404180321-601-00,1-c5264e8bfc535ad630c9fc6dfcaf8ee7
,NO_TAGS,04,18,326x144+206+152,04,04,04,20160404180404-602-00.jpg,2016,20160404180404-602-00,1-21682bb4cebdc81d8d64c700096f6b43
,NO_TAGS,04,18,488x114+50+144,04,04,40,20160404180440-603-00.jpg,2016,20160404180440-603-00,1-58480bb99dac09409ad84a5a62755810
0.75026,person,04,18,544x478+48+0,06,04,01,20160404180601-604-00.jpg,2016,20160404180601-604-00,1-397da0d54fe303a7bffd5d1b9f88870c
,NO_TAGS,04,18,100x24+270+436,09,04,07,20160404180907-605-01.jpg,2016,20160404180907-605-01,1-cfba09cf074e1cacf7b0e570a7c0d89c
0.377541,person,04,18,366x470+138+8,13,04,18,20160404181318-606-01.jpg,2016,20160404181318-606-01,1-ea3c6f27cdbe0443de1fd2eaf8b2753d
,NO_TAGS,04,18,278x204+94+268,14,04,04,20160404181404-607-00.jpg,2016,20160404181404-607-00,1-2c1116ad25d568308476553c72dfeead
,NO_TAGS,04,18,520x184+62+172,14,04,48,20160404181448-608-01.jpg,2016,20160404181448-608-01,1-7b15e9cfec674b0542ed383237bbbf60
,NO_TAGS,04,18,534x64+90+262,15,04,54,20160404181554-609-00.jpg,2016,20160404181554-609-00,1-71e987a4624cf7d148d07b28cbe95b1f
,NO_TAGS,04,18,130x20+410+294,17,04,01,20160404181701-610-01.jpg,2016,20160404181701-610-01,1-87e96cba9dca396c49225d9051da9dc8
0.947846,person,04,18,390x478+122+0,18,04,46,20160404181846-611-01.jpg,2016,20160404181846-611-01,1-385d7e4061c589af9fe1d4c0ecabcf60
0.645656,person,04,18,52x78+390+66,19,04,36,20160404181936-612-00.jpg,2016,20160404181936-612-00,1-52cdc0aff296d8996f756ac62f4084a2
0.983697,person,04,18,44x44+386+170,20,04,01,20160404182001-613-00.jpg,2016,20160404182001-613-00,1-1d19513b1218a89bb258541b110785be
0.900249,person,04,18,416x228+72+72,20,04,21,20160404182021-614-00.jpg,2016,20160404182021-614-00,1-2bdf6b8109ec0c04cb5d2d145bef7c73
0.549834,person,04,18,312x478+180+0,21,04,46,20160404182146-615-01.jpg,2016,20160404182146-615-01,1-acd49456c76a64d49e2851c952d41283
,NO_TAGS,04,18,70x98+224+128,22,04,51,20160404182251-616-00.jpg,2016,20160404182251-616-00,1-c95ef41103cfc6aa12faaa733b1ee753
,NO_TAGS,04,18,54x80+226+136,23,04,20,20160404182320-617-00.jpg,2016,20160404182320-617-00,1-8beaf668f79de6c4e0b84d44966c5dca
,NO_TAGS,04,18,56x80+218+134,24,04,23,20160404182423-618-00.jpg,2016,20160404182423-618-00,1-6924bc8c86bd7e3eb2bc949047f08e04
,NO_TAGS,04,18,86x478+180+0,25,04,14,20160404182514-619-00.jpg,2016,20160404182514-619-00,1-9ff04f4db697ee7704228e7df0b59df2
,NO_TAGS,04,18,50x90+224+126,26,04,11,20160404182611-620-00.jpg,2016,20160404182611-620-00,1-a15c7da69834a9d7c5e2a66fee1bd9da
,NO_TAGS,04,18,32x74+328+142,27,04,30,20160404182730-621-00.jpg,2016,20160404182730-621-00,1-adc7883c6d2dcdcc2557268d701317f0
0.970688,person,04,18,552x478+34+0,32,04,18,20160404183218-622-00.jpg,2016,20160404183218-622-00,1-52d3cfd2e8127463bc71928f0a5435c7
0.916827,person,04,18,306x118+178+80,33,04,19,20160404183319-623-00.jpg,2016,20160404183319-623-00,1-64039b9a7371c600fd09a86ca0d033a1
0.916827,person,04,18,620x314+6+92,33,04,46,20160404183346-624-01.jpg,2016,20160404183346-624-01,1-914f20dff2925c9d9da216726badf67e
0.937027,person,04,18,26x384+404+42,35,04,36,20160404183536-625-00.jpg,2016,20160404183536-625-00,1-124f6cffdf96d078fc4fb5aaad9867dc
0.524979,person,04,18,408x478+122+0,37,04,31,20160404183731-626-01.jpg,2016,20160404183731-626-01,1-44339de2203e7a8413d05f8cc7c481f3
,NO_TAGS,04,18,430x324+100+32,39,04,55,20160404183955-627-01.jpg,2016,20160404183955-627-01,1-eff4ec4511bc0af2d94018f05628272b
0.942676,person,04,18,418x310+108+48,40,04,32,20160404184032-628-00.jpg,2016,20160404184032-628-00,1-55fb290ac78f4c2fe9b4118b973f5789
0.890903,person,04,18,374x432+104+0,41,04,38,20160404184138-629-01.jpg,2016,20160404184138-629-01,1-cc6d22b8145d2191fa7ffe25b04fef5c
,NO_TAGS,04,18,152x136+334+342,43,04,09,20160404184309-630-01.jpg,2016,20160404184309-630-01,1-732060ec8d6c6e05cb482b480b38a45f
,NO_TAGS,04,18,552x474+44+4,44,04,00,20160404184400-631-00.jpg,2016,20160404184400-631-00,1-a404d8c4f1beb6a3d91e93e1d632d4af
,NO_TAGS,04,18,48x68+214+202,44,04,32,20160404184432-632-00.jpg,2016,20160404184432-632-00,1-5d4916c1458521aa9849a19091cf7ad5
0.5,person,04,18,260x394+192+58,49,04,59,20160404184959-633-00.jpg,2016,20160404184959-633-00,1-a1799fe9f60cc407cb415f1480dbde8e
0.354344,person,04,18,106x406+224+0,51,04,12,20160404185112-634-00.jpg,2016,20160404185112-634-00,1-71660f1319870b2c93155c5d15bd1277
,NO_TAGS,04,18,368x214+114+114,54,04,17,20160404185417-635-00.jpg,2016,20160404185417-635-00,1-3f0ca3378d712dca469fcf0e34a17dc4
,NO_TAGS,04,18,74x108+236+134,55,04,51,20160404185551-636-00.jpg,2016,20160404185551-636-00,1-4d04853fb215f246dbd96c4c0f94c3f1
,NO_TAGS,04,18,312x446+162+32,58,04,14,20160404185814-637-01.jpg,2016,20160404185814-637-01,1-46beb1d0de0302b179b3292a3213fec8
0.998341,person,04,19,198x418+226+42,02,04,06,20160404190206-638-00.jpg,2016,20160404190206-638-00,1-c22b706d44bc7325f76f1e7e653d3ee5
0.331812,person,04,19,378x408+196+24,25,04,56,20160404192556-639-01.jpg,2016,20160404192556-639-01,1-9eabdb3c854d8e15f5ceaabfde27c8bd
,NO_TAGS,04,19,56x68+314+358,26,04,23,20160404192623-640-01.jpg,2016,20160404192623-640-01,1-5c4883e10cad86cfe65689e2fb31b384
,NO_TAGS,04,19,50x34+332+420,30,04,32,20160404193032-641-01.jpg,2016,20160404193032-641-01,1-f49c94a65bf5e955c37abe1b84677da8
